timestamp,value,classification,Date,Closed_PnL,Size_USD,Size_Token,Execution_Price,Fee,Start_Position_Mean,Start_Position_STD,Buy,Close long,Close short,Open long,Open short,Sell,Spot dust conversion,Bullish,Bearish,Bullish Ratio
1682919000,63,Greed,2023-05-01,0.0,477.0,0.25129999999999997,1898.1333333333332,0.0,0.09193333333333333,0.08964509653814498,0,0,0,3,0,0,0,3,0,1.0
1701754200,75,Extreme Greed,2023-12-05,0.0,50005.83,11.80901,11038.3,12.501455,2.513866666666667,3.029634572023497,0,0,0,7,2,0,0,7,2,0.7777777777777778
1702531800,72,Greed,2023-12-14,-18.675885181818188,113203.35,4092.28901,8031.868818181818,28.300831000000002,-132.57430181818182,703.8074882995812,0,4,2,3,2,0,0,5,6,0.45454545454545453
1702618200,70,Greed,2023-12-15,-12.316016999999999,10609.95,3558.0,2.982,2.652489,-2440.0,1581.0907627331203,0,0,2,0,0,0,0,2,0,1.0
1702704600,67,Greed,2023-12-16,0.0,15348.77,39897.0,0.3847066666666667,3.8371890000000004,12124.666666666666,12104.052930045098,0,0,0,3,0,0,0,3,0,1.0
1702791000,73,Greed,2023-12-17,21.78448464285714,116278.02,86246.4486,802.5418592857143,29.069499,10738.717442857143,12941.305836082875,0,11,0,3,0,0,0,3,11,0.21428571428571427
1702877400,65,Greed,2023-12-18,0.0,31164.179999999997,14.306,2178.1000000000004,7.791045,0.004,0.00565685424949238,0,0,0,2,0,0,0,2,0,1.0
1702963800,73,Greed,2023-12-19,66.70257413333334,91602.41,161546.30599999998,447.8019113333333,22.900596,27078.30564,26939.896858729655,0,10,0,5,0,0,0,5,10,0.3333333333333333
1703050200,74,Greed,2023-12-20,9.040682333333333,141636.79,174520.2,6.722871666666666,35.409187,20047.266666666666,30421.788156168983,0,8,0,10,0,0,0,10,8,0.5555555555555556
1703136600,70,Greed,2023-12-21,10.963498000000001,125233.97,1364.3,91.84020408163265,31.308469,121.77714285714285,74.14306696628262,0,27,0,22,0,0,0,22,27,0.4489795918367347
1703223000,74,Greed,2023-12-22,14.1832675,88874.28,2450.7491,30692.8325,22.218566000000003,251.338681,561.8522517773397,0,2,0,8,0,0,0,8,2,0.8
1703309400,70,Greed,2023-12-23,11.302823384615383,78438.25,141665.4,3.0702846153846153,19.609555,30063.046153846153,26634.586684034708,0,8,0,5,0,0,0,5,8,0.38461538461538464
1703395800,71,Greed,2023-12-24,25.862050153846155,402954.94,284682.19608,13680.54118025641,100.738715,22665.121184871794,25980.823527938912,0,14,3,18,4,0,0,21,18,0.5384615384615384
1703482200,73,Greed,2023-12-25,-81.69378266666666,59948.51,26.3812,2275.4,14.987124999999999,4.545599999999999,7.490112973780836,0,1,0,2,0,0,0,2,1,0.6666666666666666
1703655000,73,Greed,2023-12-27,-25.174615249999995,171411.06,455540.0,0.37319214285714286,42.852747,38641.607142857145,28276.120751720402,0,13,0,15,0,0,0,15,13,0.5357142857142857
1703741400,73,Greed,2023-12-28,-42.20569026086957,100117.25,263752.0,0.4032943478260869,25.0293,29411.130434782608,22101.69965554757,0,13,0,10,0,0,0,10,13,0.43478260869565216
1703827800,65,Greed,2023-12-29,10.178442859999999,569559.72,15843.60258,3836.17816,142.389901,429.0781206,716.7761749284304,0,13,7,24,6,0,0,31,19,0.62
1703914200,68,Greed,2023-12-30,6.826897076923077,702550.21,158399.89232,13421.615271153847,175.637526,6261.575806538462,18110.41723302053,0,24,9,11,8,0,0,20,32,0.38461538461538464
1704087000,65,Greed,2024-01-01,-7.196192222222223,264239.52999999997,4178.78664,10373.330666666667,66.059867,414.7732555555556,660.7992845430527,0,5,1,9,3,0,0,10,8,0.5555555555555556
1704173400,71,Greed,2024-01-02,46.11641858823529,121348.74,208218.35486,10199.892598764705,30.337176,-46986.74279,44670.22002570623,0,0,9,0,8,0,0,9,8,0.5294117647058824
1704259800,70,Greed,2024-01-03,12.925604582089552,394499.36,64502.1274,738.8837898507463,98.624811,1876.3014791044775,4955.338520652944,0,35,0,32,0,0,0,32,35,0.47761194029850745
1704346200,68,Greed,2024-01-04,-13.520728,99792.54000000001,45.0958,2212.62,24.948132,17.57154,9.838688695806976,0,3,0,2,0,0,0,2,3,0.4
1704432600,72,Greed,2024-01-05,2.486993409090909,1703942.66,251.80766,30495.46818181818,425.985639,-0.13111681818181825,6.865367954308988,0,17,6,25,18,0,0,31,35,0.4696969696969697
1704519000,70,Greed,2024-01-06,6.16280290909091,298521.4,7077.42664,6586.107318181818,74.630342,976.6085072727273,1225.132451691309,0,10,2,9,1,0,0,11,11,0.5
1704605400,71,Greed,2024-01-07,-8.615270463917525,1048850.06,165182.52107,7513.911021649485,262.212464,4503.752768350516,11840.987597134823,0,32,5,47,13,0,0,52,45,0.5360824742268041
1704691800,71,Greed,2024-01-08,-2.1083940546875,1522452.43,108119.81523000001,15078.63093734375,380.613064,2533.4020265625,6407.440754963951,0,54,13,27,34,0,0,40,88,0.3125
1704778200,76,Extreme Greed,2024-01-09,-11.804998042857143,870051.97,129356.31168,14127.109546714286,204.012928,2899.006581142857,9169.604403208057,0,25,3,25,17,0,0,28,42,0.4
1704864600,73,Greed,2024-01-10,-7.860576901554404,2057479.48,200302.43156,12914.76879230052,434.044865,138.77570626943006,8045.785425969358,0,47,36,56,54,0,0,92,101,0.47668393782383417
1704951000,76,Extreme Greed,2024-01-11,-7.813785761904761,305314.1,846.43972,12141.70542857143,75.867171,58.549595714285715,141.02798537112196,0,4,5,8,4,0,0,13,8,0.6190476190476191
1705037400,71,Greed,2024-01-12,-275.0741462857143,200082.27,1542.27934,39774.47142857143,49.480726999999995,0.3402285714285714,0.501407052484259,0,2,0,5,0,0,0,5,2,0.7142857142857143
1705296600,52,Neutral,2024-01-15,10.918112857142857,50636.1,1.43192,16738.085714285717,12.652712,0.16323428571428572,0.09651477078779072,0,9,0,5,0,0,0,5,9,0.35714285714285715
1705383000,64,Greed,2024-01-16,-255.4634953333333,116427.33,2608.18062,19105.61008888889,17.319309,314.06090666666665,530.095684386255,0,5,0,4,0,0,0,4,5,0.4444444444444444
1705469400,60,Greed,2024-01-17,15.344794547169812,800831.03,4055.02266,20112.302,159.707606,210.5591488679245,310.0591300260065,0,8,11,20,14,0,0,31,22,0.5849056603773585
1705555800,63,Greed,2024-01-18,1.4985476086956522,424631.52999999997,93.72578,24363.11304347826,92.657901,6.626629130434783,13.268569390654632,0,6,3,15,22,0,0,18,28,0.391304347826087
1705642200,51,Neutral,2024-01-19,-8.029567395833334,428428.97,1754.7376,14421.93125,93.051868,10.849159583333332,76.34083482755503,0,13,13,18,3,0,0,31,16,0.6595744680851063
1705728600,52,Neutral,2024-01-20,-1.3827817924528305,1070090.51,256540.35666,14671.724672933962,267.522583,-657.2383409433962,5418.49671748692,0,17,15,45,29,0,0,60,46,0.5660377358490566
1705815000,56,Greed,2024-01-21,24.234649636363642,103129.74,44252.23533,19141.940333454546,25.78243,9814.085519090908,17152.23584552187,0,3,2,1,5,0,0,3,8,0.2727272727272727
1705901400,55,Greed,2024-01-22,16.18401128235294,337878.99,156977.46867,6179.383261176471,67.478268,1218.6695727058823,9141.483710030438,0,20,21,30,14,0,0,51,34,0.6
1705987800,50,Neutral,2024-01-23,-8.20543844444444,414518.93000000005,87110.23871,11768.913676111111,85.72457,-1896.9081931111111,11164.006218458138,0,7,13,20,5,0,0,33,12,0.7333333333333333
1706074200,48,Neutral,2024-01-24,-41.29932080882353,965084.59,48160.40059,16861.48394732353,227.771095,222.05514102941174,788.6381293406821,0,27,13,14,14,0,0,27,41,0.39705882352941174
1706160600,52,Neutral,2024-01-25,-515.6048975,66566.13,756.8299999999999,87.95416666666667,16.641532,432.0683333333333,255.28462659679815,0,6,0,0,0,0,0,0,6,0.0
1706247000,49,Neutral,2024-01-26,18.04,11773.21,95267.0,0.1198688,0.444235,37553.4,27106.636056508374,0,1,0,4,0,0,0,4,1,0.8
1706419800,54,Neutral,2024-01-28,-225.27906545454545,18109.03,1068.0,16.956,-0.362176,703.7363636363635,372.84057255810353,0,11,0,0,0,0,0,0,11,0.0
1706506200,55,Greed,2024-01-29,6.5751694864864865,414208.18,237603.48712,15636.855511594595,103.26260500000001,6170.038874864865,21567.51351235695,0,35,10,11,18,0,0,21,53,0.28378378378378377
1706592600,61,Greed,2024-01-30,-3.5439630816326537,401011.38,91.43791999999999,27371.991836734695,100.25281,3.410568775510204,7.289887365446064,0,5,14,14,16,0,0,28,21,0.5714285714285714
1706679000,60,Greed,2024-01-31,-0.93113017112922,6305647.13,42786.30905,28200.90456028405,1549.411475,15.367925192083819,330.2452573354018,0,187,250,219,201,0,0,469,388,0.5472578763127188
1706765400,63,Greed,2024-02-01,0.0,2008.18,44986.0,0.07612616666666668,0.5020439999999999,18562.666666666668,15455.852777076609,0,0,0,6,0,0,0,6,0,1.0
1706851800,63,Greed,2024-02-02,10.867225547619048,474278.43,42139.736820000006,15601.771341142858,91.569636,3535.838899285714,10385.466235810716,0,15,6,13,8,0,0,19,23,0.4523809523809524
1706938200,60,Greed,2024-02-03,3.9876640535714283,603820.0,9661.26755,29939.640223214286,109.662349,2.58381125,7.626418954332382,0,6,6,12,32,0,0,18,38,0.32142857142857145
1707024600,60,Greed,2024-02-04,1.360682714285714,203187.53,20905.14109,12108.636457142857,50.52688,4095.2721137142858,8552.438749101197,0,16,12,7,0,0,0,19,16,0.5428571428571428
1707111000,60,Greed,2024-02-05,-0.4646415833333337,770198.26,29741.6286,15958.2223625,165.549465,551.6511123611111,2248.1884246324767,0,23,9,24,16,0,0,33,39,0.4583333333333333
1707197400,64,Greed,2024-02-06,-0.19817638511029412,8047153.41,55455572.2847,22118.307961134193,988.606997,116599.32741643384,1598725.5401808354,0,262,247,262,300,0,0,509,562,0.4752567693744164
1707283800,62,Greed,2024-02-07,16.082808,6758.73,13261.9,3.98582,0.339693,14779.04,21957.87419471983,0,0,2,5,8,0,0,7,8,0.4666666666666667
1707370200,66,Greed,2024-02-08,77.07560240000001,26051.12,5609953.100000001,10.0228845,3.0028870000000003,562304.5599999999,1767456.4892896712,0,3,1,1,5,0,0,2,8,0.2
1707629400,71,Greed,2024-02-11,28.924799294117648,212311.82,26558.56903,17890.449081970586,24.955292,13413.987631470589,26928.51080164541,0,3,4,19,8,0,0,23,11,0.6764705882352942
1707715800,70,Greed,2024-02-12,57.11761168749999,227247.69999999998,1017.55939,28717.7418125,27.111911,-32.87792375,125.27165335976015,0,4,11,0,1,0,0,11,5,0.6875
1707802200,79,Extreme Greed,2024-02-13,39.960277857142856,1999.99,33158.0,0.06054285714285714,-0.039992,63481.57142857143,8482.178699750759,0,14,0,0,0,0,0,0,14,0.0
1707888600,74,Greed,2024-02-14,34.509908405405405,320839.88,160839.68529,5443.060992846847,22.917474000000002,3200.867743963964,7713.8252681511985,0,62,22,12,15,0,0,34,77,0.3063063063063063
1707975000,72,Greed,2024-02-15,29.219010746031746,185188.04,48598.78529,2750.1658545873015,30.706297,-2695.6115346031747,4421.33185966834,0,8,52,0,3,0,0,52,11,0.8253968253968254
1708061400,72,Greed,2024-02-16,30.174554032967034,564896.51,12368863.14415,696.7813038571429,27.22517,-184028.10488928572,416884.5096326501,0,46,100,15,21,0,0,115,67,0.6318681318681318
1708147800,76,Extreme Greed,2024-02-17,20.52810425531915,406118.07,222280.10915,3403.646719574468,62.055053,5143.265716489362,10569.884970248075,0,42,23,27,2,0,0,50,44,0.5319148936170213
1708234200,72,Greed,2024-02-18,4.923967319587628,157048.17,172143.4,3.395497731958763,-3.140925,26534.926907216497,26725.17522588932,0,56,12,26,3,0,0,38,59,0.3917525773195876
1708320600,75,Extreme Greed,2024-02-19,42.750183792079206,286377.2,272054.00084,2068.0068288118814,14.85262,-14584.207916633664,28946.51673857572,0,47,31,9,13,0,0,40,60,0.4
1708407000,72,Greed,2024-02-20,83.68279035897436,119419.72,69782.00042,2681.8062438974357,3.073675,3768.2641079487184,9470.3729603197,0,24,8,5,2,0,0,13,26,0.3333333333333333
1708493400,78,Extreme Greed,2024-02-21,84.49084409090909,108047.51999999999,171181.54,27.589205454545457,2.970629,14281.386818181818,23487.972183092308,0,15,0,7,0,0,0,7,15,0.3181818181818182
1708579800,74,Greed,2024-02-22,44.25119397727272,373033.87,169921.40042,1175.5737064772727,25.45258,9167.861366022727,8239.136677055247,0,52,0,34,0,0,0,34,52,0.3953488372093023
1708666200,76,Extreme Greed,2024-02-23,9.91995055944056,111106.14,43567.40042,725.5068307692308,-2.067069,-8744.50769083916,5578.029287702459,0,9,129,2,3,0,0,131,12,0.916083916083916
1708839000,74,Greed,2024-02-25,-6.1541,4480.13,7900.0,0.5663259999999999,-0.0896,-1652.0,1683.1457156170407,0,0,2,0,3,0,0,2,3,0.4
1708925400,72,Greed,2024-02-26,113.25249487179488,192187.14,67296.0,5.614911538461539,-0.09772499999999981,-2850.0384615384614,8443.875517033986,0,8,26,1,4,0,0,27,12,0.6923076923076923
1709011800,79,Extreme Greed,2024-02-27,14.103360841269842,209362.3,117294.88,36.161129396825395,-3.761609,-4775.824126984126,11081.818515355659,0,20,30,3,10,0,0,33,30,0.5238095238095238
1709098200,82,Extreme Greed,2024-02-28,55.63882744444444,171107.13,8904445.6,1.2982939111111111,-1.377152,1737.6555555555556,1208699.741723457,0,10,29,2,4,0,0,31,14,0.6888888888888889
1709184600,80,Extreme Greed,2024-02-29,84.60342234482759,395666.73,7553065.18,11.306912146551724,1.3590849999999999,-98403.48887931035,297780.87726652634,0,42,57,3,13,0,0,60,55,0.5217391304347826
1709271000,80,Extreme Greed,2024-03-01,60.176944591240876,472974.7,25984676.0,2.725657408759124,-0.546854,375587.74525547447,1588147.7102290548,0,99,29,8,1,0,0,37,100,0.27007299270072993
1709357400,80,Extreme Greed,2024-03-02,7.448406451612905,63197.56,651733.0,0.8005309032258064,-0.4691290000000001,-11303.193548387097,44925.09907940798,0,1,27,1,2,0,0,28,3,0.9032258064516129
1709443800,83,Extreme Greed,2024-03-03,105.83653474683545,390745.68,48774887.74,3.0333498607594938,-2.507103,-595760.485443038,2780577.9167674226,0,39,15,21,4,0,0,36,43,0.45569620253164556
1709530200,82,Extreme Greed,2024-03-04,92.66591914,1577996.87,36892599.52038,419.88134141,-0.559449,183364.74213396665,1094630.284641422,0,129,141,20,10,0,0,161,139,0.5366666666666666
1709616600,90,Extreme Greed,2024-03-05,109.95014467222222,841810.32,44987293.0,0.3816785944444444,-4.438459,1070451.832777778,1787098.0794737139,0,120,43,12,5,0,0,55,125,0.3055555555555556
1709703000,75,Extreme Greed,2024-03-06,83.10762364634145,327218.02,10955146.0,1.7171503902439025,-3.355318,97537.59146341463,654141.5701719914,0,26,46,3,7,0,0,49,33,0.5975609756097561
1709875800,81,Extreme Greed,2024-03-08,63.7594960597015,183583.18,3448270.8,2.9131835970149256,-3.6716290000000003,52491.09402985074,179958.05603202578,0,44,15,4,4,0,0,19,48,0.2835820895522388
1709962200,84,Extreme Greed,2024-03-09,85.03847541880343,658178.75,17984276.7,15.9975568974359,1.8517640000000002,501601.2582051282,1681246.9681806013,0,25,82,1,9,0,0,83,34,0.7094017094017094
1710048600,79,Extreme Greed,2024-03-10,59.117314285714286,219973.85,32040.08,34.630716666666665,2.281072,-2524.777380952381,2409.5734379417527,0,0,38,0,4,0,0,38,4,0.9047619047619048
1710135000,82,Extreme Greed,2024-03-11,85.43284511904761,176519.44999999998,139371.0,2.647672619047619,8.47289,19350.09047619048,25940.312677382957,0,28,11,1,2,0,0,12,30,0.2857142857142857
1710221400,81,Extreme Greed,2024-03-12,379.89575,103040.85,11404.0,9.235375,4.945953,2253.35,1759.4205831953395,0,7,0,1,0,0,0,1,7,0.125
1710307800,81,Extreme Greed,2024-03-13,0.0,6000.799999999999,1.5126,3979.957142857143,2.100278,0.18407142857142858,0.26884445139823704,0,0,0,7,0,0,0,7,0,1.0
1710394200,88,Extreme Greed,2024-03-14,192.5481017777778,205933.18,563982.3126000001,252.0171572222222,11.716792,60745.62292222222,104115.46652461204,0,16,0,2,0,0,0,2,16,0.1111111111111111
1710480600,83,Extreme Greed,2024-03-15,100.58892985483871,351894.41,11725690.8947,502.81406972580646,49.485003,-985813.4133193548,1730491.3324098221,0,27,14,12,9,0,0,26,36,0.41935483870967744
1710567000,81,Extreme Greed,2024-03-16,28.57248,37223.66,1112354.4242,2750.4022475,10.52828,-945740.88365,1751379.1446373954,0,1,0,5,2,0,0,5,3,0.625
1710653400,79,Extreme Greed,2024-03-17,21.882345869565217,99506.95,573.1383000000001,2191.606,33.763329,-3.1111521739130437,23.272811840855876,0,4,6,12,1,0,0,18,5,0.782608695652174
1710739800,77,Extreme Greed,2024-03-18,76.68198421052631,90458.08,19900.3233,2238.5484684210523,24.943279999999998,1539.3426263157896,3585.6143119084127,0,6,0,13,0,0,0,13,6,0.6842105263157895
1710826200,79,Extreme Greed,2024-03-19,27.86658220833333,219884.84,176263.0849,575.3537,25.988312,-23169.306829166668,34082.59947008054,0,2,5,12,5,0,0,17,7,0.7083333333333334
1710912600,74,Greed,2024-03-20,93.08890723188406,215705.85,197774.3712,193.64368536231885,39.878838,-1013.3506434782607,22744.806406837073,0,38,22,7,2,0,0,29,40,0.42028985507246375
1710999000,78,Extreme Greed,2024-03-21,83.41100267857142,117895.57,160612.8186,124.34982285714285,16.394750000000002,-18681.274707142857,20450.50184872515,0,1,22,4,1,0,0,26,2,0.9285714285714286
1711258200,74,Greed,2024-03-24,68.26413036842105,92592.20999999999,10235.8,8.960757894736842,8.888837,-2206.7,1603.602883786659,0,0,15,0,4,0,0,15,4,0.7894736842105263
1711344600,75,Extreme Greed,2024-03-25,186.13091828571427,57116.32,15.9576,3582.2999999999997,19.990712,9.606714285714286,5.1835301158022205,0,6,0,0,1,0,0,0,7,0.0
1711431000,81,Extreme Greed,2024-03-26,27.253445703389833,198565.19,33445.2556,219.49172627118645,28.147402999999997,3757.485044915254,2359.244047064824,0,109,1,7,1,0,0,8,110,0.06779661016949153
1711517400,83,Extreme Greed,2024-03-27,3.9581878947368416,99864.79,13722.38876,13627.738306315789,31.717952,-422.6175821052631,1466.360422014605,0,12,7,12,7,0,0,19,19,0.5
1711603800,80,Extreme Greed,2024-03-28,17.527000615384615,35323.72,398571.7446,803.983042,9.059229,-81449.39851538462,66803.15110461807,0,0,9,3,1,0,0,12,1,0.9230769230769231
1711690200,79,Extreme Greed,2024-03-29,58.873160266666666,86914.37,24.4455,3541.54,30.420029999999997,5.153553333333334,4.128951341419456,0,6,0,9,0,0,0,9,6,0.6
1711776600,75,Extreme Greed,2024-03-30,24.45722533333333,101103.92,517830.0,0.19727666666666666,9.939454,148829.73333333334,72352.18070797865,0,44,0,1,0,0,0,1,44,0.022222222222222223
1711863000,75,Extreme Greed,2024-03-31,70.21431884615384,39912.96,11.002400000000002,3627.730769230769,13.969522000000001,3.7070307692307694,3.238897386556268,0,10,0,0,3,0,0,0,13,0.0
1711949400,79,Extreme Greed,2024-04-01,32.57095332467532,339470.47,9563430.3674,1332.2278167402596,83.751362,448724.6416597403,1076543.6325571148,0,39,3,29,5,0,0,32,44,0.42105263157894735
1712035800,79,Extreme Greed,2024-04-02,21.555141756097562,239664.50999999998,5958.1049,3060.7089024390243,80.13257399999999,1.1111463414634146,12.366607312943547,0,9,3,7,22,0,0,10,31,0.24390243902439024
1712122200,71,Greed,2024-04-03,31.6971,16887.57,2310.0,8.3283,1.661201,392.675,455.06727249935255,0,1,0,3,0,0,0,3,1,0.75
1712208600,70,Greed,2024-04-04,0.0,95987.73,28.284299999999998,3401.434375,33.595684999999996,-31.735753125,6.271323340668678,0,0,0,0,32,0,0,0,32,0.0
1712295000,79,Extreme Greed,2024-04-05,107.06484306,503791.8,208515.2373,330.28005890000003,103.430138,11906.896289999999,14323.838525220901,0,83,7,10,0,0,0,17,83,0.17
1712381400,75,Extreme Greed,2024-04-06,14.770945874999999,68223.67,20.4808,3328.08125,23.878277,-4.198175,6.112683831018908,0,4,0,0,12,0,0,0,16,0.0
1712467800,78,Extreme Greed,2024-04-07,0.0,49988.14,14.7128,3398.0043478260873,17.495845,-21.564239130434782,4.137112176796663,0,0,0,0,23,0,0,0,23,0.0
1712554200,76,Extreme Greed,2024-04-08,40.614223333333335,211940.64,11492.048999999999,3295.5374166666666,61.790548,-240.4416,1035.6775708899354,0,0,1,0,29,0,0,1,29,0.03333333333333333
1712640600,80,Extreme Greed,2024-04-09,0.0,57063.840000000004,16.2979,3501.3000000000006,19.972341,-78.67283333333334,2.8969080108511105,0,0,0,0,3,0,0,0,3,0.0
1712727000,78,Extreme Greed,2024-04-10,127.01081497560976,351735.97,102.5007,3433.4707317073166,123.107562,-51.30644390243902,29.647268665460974,0,1,35,5,0,0,0,40,1,0.975609756097561
1712813400,76,Extreme Greed,2024-04-11,24.35894775,76400.96,21.5697,3521.2125,26.740329,6.13406875,3.174713692648782,0,2,0,14,0,0,0,14,2,0.875
1712899800,79,Extreme Greed,2024-04-12,-4.594153790697676,442088.59,21920455.0583,555.2924815968992,97.560875,176264.67758759687,2080154.0050082959,0,86,15,28,0,0,0,43,86,0.3333333333333333
1712986200,72,Greed,2024-04-13,74.3983343258427,486411.25,7766240.200999999,658.6612459887641,118.999176,273459.01575955056,673132.8386613177,0,39,22,24,4,0,0,46,43,0.5168539325842697
1713072600,72,Greed,2024-04-14,-337.4206777570094,659162.17,120136.0098,1787.6264255140186,213.477404,-519.4308252336449,5435.1081390593,0,54,20,26,7,0,0,46,61,0.42990654205607476
1713159000,74,Greed,2024-04-15,92.05094439024391,291111.19,262459.9098,230.87443634146342,40.650603999999994,10196.807014634145,24193.78937294235,0,22,13,5,1,0,0,18,23,0.43902439024390244
1713245400,65,Greed,2024-04-16,52.504302574468085,181907.17,239273.0,0.8237938510638297,18.457685,-7531.191489361702,30626.354596227065,0,13,30,1,1,2,0,31,16,0.6595744680851063
1713331800,67,Greed,2024-04-17,174.39059999999998,97562.99,19114.0,4.993378571428572,10.620963,-6896.0142857142855,3197.057846702939,0,0,13,0,1,0,0,13,1,0.9285714285714286
1713504600,66,Greed,2024-04-19,55.61272748571429,337257.92000000004,109.9409,3065.0228571428574,118.04025999999999,30.44153142857143,31.493986790971146,0,27,0,5,3,0,0,5,30,0.14285714285714285
1713591000,66,Greed,2024-04-20,0.0,60733.24,363824.8279,285.09828863636363,121.289047,143378.1218818182,115267.50541269926,20,0,0,0,2,0,0,20,2,0.9090909090909091
1713763800,73,Greed,2024-04-22,0.0,47993.61,14.9861,3202.222222222222,16.797764,-14.874122222222221,3.251817516319825,0,0,0,0,9,0,0,0,9,0.0
1713850200,71,Greed,2024-04-23,16.962669636363636,233054.9,187970.3303,2616.430871212121,71.308476,-6567.492701515152,20882.774257632784,0,17,17,19,12,0,0,36,29,0.5538461538461539
1713936600,72,Greed,2024-04-24,13.95929535,141275.24,43.8207,3230.17,49.446315999999996,5.252865,4.521490608809515,0,7,0,13,0,0,0,13,7,0.65
1714023000,72,Greed,2024-04-25,0.0,120241.01,388643.183,251.67034283783786,160.159512,428248.9423945946,159713.62153383042,68,0,0,6,0,0,0,74,0,1.0
1714109400,70,Greed,2024-04-26,0.0,4988.290000000001,41052.0,0.12152,1.745898,417213.3333333333,3170.5000131419774,0,0,0,0,0,3,0,0,3,0.0
1714195800,67,Greed,2024-04-27,158.57363477777778,154264.47,47.3826,3258.651851851852,53.99255,16.46514074074074,16.907974538825872,0,19,0,0,8,0,0,0,27,0.0
1714282200,65,Greed,2024-04-28,0.0,43985.6,137073.191,451.9867443103448,15.394946,269004.65992586204,113782.78336668192,0,0,0,0,8,50,0,0,58,0.0
1714368600,67,Greed,2024-04-29,11.709640799999999,108699.01,32635.166100000002,2245.884760888889,38.04463,71777.89178444444,108105.7415621663,0,0,17,7,7,14,0,24,21,0.5333333333333333
1714455000,67,Greed,2024-04-30,0.0,125018.75,41.3869,3023.15,43.75655,29.193695833333333,13.002316667708607,0,0,0,24,0,0,0,24,0,1.0
1714541400,54,Neutral,2024-05-01,0.0,87025.45,29.825,2916.8142857142857,30.458908,62.32951428571429,10.423070191046039,0,0,0,14,0,0,0,14,0,1.0
1714714200,48,Neutral,2024-05-03,147.3893623611111,282682.64999999997,42527.4724,1960.4601549999998,98.910681,31780.38251111111,72120.57891766055,0,17,2,1,10,6,0,3,33,0.08333333333333333
1714800600,67,Greed,2024-05-04,0.0,58998.75,579928.2829,2089.1695403333333,20.649559,-70772.5864,143790.6717009023,0,0,0,0,9,0,0,0,9,0.0
1714887000,69,Greed,2024-05-05,0.15266666666666667,24068.350000000002,15.6288,2099.545833333333,8.412778,-20.3235,14.30564900044734,0,0,1,0,5,0,0,1,5,0.16666666666666666
1714973400,71,Greed,2024-05-06,107.62115333333333,206016.43,66.07939999999999,3109.866666666667,72.105746,-12.474166666666667,21.921992514595928,0,0,4,4,1,0,0,8,1,0.8888888888888888
1715059800,68,Greed,2024-05-07,49.08542738888889,108717.58,619867.0196,1715.215231,38.039061,-3555.150633333335,180215.89189839174,0,4,5,1,3,5,0,6,12,0.3333333333333333
1715146200,64,Greed,2024-05-08,0.12044307692307693,65973.57,239.8835,2312.7117384615385,23.076826,19.658276923076922,27.5634277189949,0,1,1,11,0,0,0,12,1,0.9230769230769231
1715232600,55,Greed,2024-05-09,40.985566285714285,221966.12,34670.3984,2667.6832657142854,77.688132,13521.614478571428,39693.15521991483,0,11,0,9,5,3,0,9,19,0.32142857142857145
1715319000,66,Greed,2024-05-10,95.53371340909092,156882.0,53.3457,2946.254545454545,54.90869,-1.8795545454545455,11.669009437077229,0,0,6,10,6,0,0,16,6,0.7272727272727273
1715405400,53,Neutral,2024-05-11,27.956082444444444,63248.95,21.6418,2922.511111111111,22.137125,9.522166666666667,8.503612421641757,0,9,0,0,0,0,0,0,9,0.0
1715491800,56,Greed,2024-05-12,0.0,55179.56,34544.4206,1272.34931,19.312829,21632.475469565215,37190.13077512356,0,0,0,17,0,6,0,17,6,0.7391304347826086
1715578200,57,Greed,2024-05-13,76.31620925,193118.9,31390.7581,2635.7705885714286,67.591599,6088.010335714286,17891.573327372662,0,10,0,5,10,3,0,5,23,0.17857142857142858
1715664600,66,Greed,2024-05-14,50.02275239130436,145853.4,50.1051,2912.1304347826085,51.048685,7.065369565217392,13.221669629693478,0,0,4,19,0,0,0,23,0,1.0
1715751000,64,Greed,2024-05-15,26.360293944444447,234922.57,80.1172,2930.625,82.222887,5.335538888888888,10.009907853415683,0,15,2,9,10,0,0,11,25,0.3055555555555556
1715837400,70,Greed,2024-05-16,7.94777037037037,162620.96,26494.2319,2656.364285925926,56.91732,2751.0223296296294,7980.895148739225,0,0,5,9,10,3,0,14,13,0.5185185185185185
1716010200,73,Greed,2024-05-18,140.89578644000002,126303.14,40.4257,3123.796,44.206092,1.303244,9.343559716237705,0,9,7,0,9,0,0,7,18,0.28
1716096600,72,Greed,2024-05-19,0.0,29998.09,9.7416,3079.425,10.499327000000001,5.174825,3.1759437552369487,0,0,0,8,0,0,0,8,0,1.0
1716183000,70,Greed,2024-05-20,-7.4818442,38124.75,640.7617,2156.14175,13.343662,157.46863,236.91469125256435,0,3,0,7,0,0,0,7,3,0.7
1716269400,76,Extreme Greed,2024-05-21,58.31518057599999,1100948.59,17074.50976,14134.35288,385.331944,-2491.2332841599996,4738.199467508254,0,14,11,18,82,0,0,29,96,0.232
1716355800,76,Extreme Greed,2024-05-22,0.0,44995.29,12.0525,3733.3333333333335,15.748349000000001,-96.9475,4.256192542167239,0,0,0,0,6,0,0,0,6,0.0
1716442200,76,Extreme Greed,2024-05-23,1.2718379353846154,401850.6,2935200.9914,1108.603136243077,113.43007899999999,-267868.0827043077,363030.6452513223,0,28,127,61,108,0,0,188,136,0.5802469135802469
1716528600,74,Greed,2024-05-24,410.974639,50811.899999999994,13.2158,3844.4,17.784165,8.50055,6.668370499979737,0,2,0,0,0,0,0,0,2,0.0
1716615000,76,Extreme Greed,2024-05-25,0.8828774374999999,29991.129999999997,8573.662,469.7218425,10.246887000000001,-1522.19405625,1382.0758022438267,0,0,5,2,9,0,0,7,9,0.4375
1716701400,75,Extreme Greed,2024-05-26,48.66774375,53976.67,5659.602,496.56757500000003,18.768190999999998,-10541.44110625,12326.06727062195,0,2,2,0,12,0,0,2,14,0.125
1716787800,74,Greed,2024-05-27,4.499425776892431,151115.72,1411508.5206,33.197340745019915,45.832466,-65844.60769043825,68809.41605075507,0,0,93,0,158,0,0,93,158,0.3705179282868526
1716960600,72,Greed,2024-05-29,1.6938533719512194,84268.76,226315.75152,4235.211447786585,36.876599,1269.3619323170733,12097.93771633219,5,12,59,3,85,0,0,67,97,0.40853658536585363
1717047000,73,Greed,2024-05-30,2.9930618571428576,2838.09,565.27578,20348.618645714287,0.993326,-79.30111285714285,144.92941485726246,0,0,5,0,2,0,0,5,2,0.7142857142857143
1717133400,73,Greed,2024-05-31,1.9506246153846154,3636.14,86903.8,2.152072923076923,1.272646,-6686.707692307692,13648.546623142793,0,0,4,0,9,0,0,4,9,0.3076923076923077
1717219800,72,Greed,2024-06-01,3.66041676,12834.62,499938.0,1.1308718,4.492106,-47545.904,81105.65557328334,0,0,9,0,16,0,0,9,16,0.36
1717306200,73,Greed,2024-06-02,2.074268247311828,29464.51,31288.5,1.0599227956989248,7.792912,-4765.8387096774195,2379.1403520577805,0,0,34,0,59,0,0,34,59,0.3655913978494624
1717392600,73,Greed,2024-06-03,8.040117257142859,21466.86,19199.3,1.3030562857142858,5.378086,-4759.422857142857,1720.137589135514,0,0,44,0,26,0,0,44,26,0.6285714285714286
1717479000,73,Greed,2024-06-04,0.9851214716981133,24243.41,2483.33818,13394.864554716982,7.432953,-317.91698264150943,264.2222724861357,0,0,25,0,28,0,0,25,28,0.4716981132075472
1717565400,75,Extreme Greed,2024-06-05,1.038064925925926,25350.77,2452.07392,2682.9926944444446,7.1040600000000005,-253.84012888888887,301.6040975709696,0,0,17,0,37,0,0,17,37,0.3148148148148148
1717651800,78,Extreme Greed,2024-06-06,1.1716802863247862,137557.76,71093.724,30.647596965811967,37.079424,-7051.191252136752,8195.46614107463,0,1,101,1,131,0,0,102,132,0.4358974358974359
1717738200,77,Extreme Greed,2024-06-07,20.23288049090909,1098588.76,272861.1558,1232.3513694545454,372.962664,-5529.765854295454,10111.829570728722,14,65,113,54,194,0,0,181,259,0.4113636363636364
1717824600,72,Greed,2024-06-08,4.453063413793104,97351.88,2425.2625000000003,10513.408993103449,34.073137,102.60835172413793,416.0909569462605,0,8,0,21,0,0,0,21,8,0.7241379310344828
1717911000,75,Extreme Greed,2024-06-09,0.0,22410.22,479.66769999999997,1091.865705882353,7.515775,575.0169294117647,389.6740307694316,12,0,0,5,0,0,0,17,0,1.0
1717997400,72,Greed,2024-06-10,0.589939716981132,46587.93,5358.5419,280.7776811320755,14.696328000000001,-706.0936471698113,517.1235856174499,0,0,18,4,31,0,0,22,31,0.41509433962264153
1718083800,74,Greed,2024-06-11,35.12708789430894,373279.92,14340.01016,8924.726208861788,129.928213,-664.4540700813008,6500.279651707098,61,9,8,45,0,0,0,114,9,0.926829268292683
1718170200,72,Greed,2024-06-12,-86.16744682283463,193407.96,37105.51234,1364.4425952755905,63.921417,-5238.130427874016,5627.66239655649,37,0,78,0,139,0,0,115,139,0.452755905511811
1718256600,70,Greed,2024-06-13,83.95895082278481,132577.22,9103.9073,180.8725936708861,33.39975,-845.4524734177215,8489.553185775829,58,3,17,1,0,0,0,76,3,0.9620253164556962
1718343000,74,Greed,2024-06-14,330.9223422258064,139868.66,11996.0793,1759.0960645161292,38.954076,-3052.7559,4284.816715979805,0,0,15,16,0,0,0,31,0,1.0
1718429400,74,Greed,2024-06-15,43.20459417948718,718350.25,19129.9948,2138.914496153846,251.422549,-3299.4887974358976,5336.779532972841,0,38,0,9,31,0,0,9,69,0.11538461538461539
1718515800,71,Greed,2024-06-16,0.0,25235.079999999998,6131.6,4.114990909090909,8.832277,-22337.80909090909,2218.555171932645,0,0,0,0,11,0,0,0,11,0.0
1718602200,71,Greed,2024-06-17,278.9342730263158,368380.12,25157.9899,1595.9607578947368,128.93302500000001,-7040.169110526315,8633.512895835787,0,4,22,10,2,0,0,32,6,0.8421052631578947
1718688600,74,Greed,2024-06-18,11.3030544,263314.79,1932.406,2787.8253600000003,67.160258,234.11782,550.4385773351631,0,4,0,21,0,0,0,21,4,0.84
1718775000,64,Greed,2024-06-19,80.12552367213115,417071.12,20115.6935,1563.7263098360656,138.851743,1729.6296770491804,2660.9359273878326,0,31,0,3,4,23,0,3,58,0.04918032786885246
1718861400,60,Greed,2024-06-20,1473.8065647692308,207990.8,51788.7982,374.05558,13.46905,6448.506517948718,11414.290228060541,0,0,0,0,8,23,0,0,31,0.0
1718947800,63,Greed,2024-06-21,9.66947755,176264.49,7984.0992,877.39821875,61.277099,474.84281875,5712.5044449162215,48,0,3,17,12,0,0,68,12,0.85
1719034200,53,Neutral,2024-06-22,31.536523541666668,169594.27000000002,339.0564,1765.2402375,40.533382,2101.2170666666666,2136.857334651106,0,8,0,4,0,12,0,4,20,0.16666666666666666
1719120600,55,Greed,2024-06-23,0.0,1792.12,578.0,3.09,0.17921199999999998,3779.0,181.02900320114455,0,0,0,0,0,5,0,0,5,0.0
1719207000,51,Neutral,2024-06-24,0.0,403002.8,410.2027,2708.8659548387095,103.551001,688.4350967741935,1327.1999130907889,0,0,0,25,0,6,0,25,6,0.8064516129032258
1719293400,30,Fear,2024-06-25,99.3745531632653,103099.08,31795.2,3.248285714285714,36.084651,-3396.4265306122447,6736.175029637106,0,0,11,0,17,21,0,11,38,0.22448979591836735
1719379800,46,Neutral,2024-06-26,58.30183586111111,365190.66000000003,426.5723,1472.1298,127.5543,1475.9337152777778,1268.3221116858665,41,21,0,0,10,0,0,41,31,0.5694444444444444
1719466200,40,Fear,2024-06-27,0.0,130486.95,3230.1536,1362.6499733333333,45.556012,-2151.4904133333334,7276.505314996772,12,0,0,0,18,0,0,12,18,0.4
1719639000,30,Fear,2024-06-29,82.0043486,280095.11,1231633.8638,767.398007192,460.295231,58536.75339466666,214960.98370868043,8,1,23,4,0,39,0,35,40,0.4666666666666667
1719725400,47,Neutral,2024-06-30,0.0,30520.69,278255.875,724.8069907142857,17.057669,292551.4028,401611.2814536195,2,0,0,3,0,9,0,5,9,0.35714285714285715
1719811800,53,Neutral,2024-07-01,79.1537391875,362670.14999999997,1227237.4996,1312.7375605675,425.323025,218419.2375734375,500404.03431606473,4,20,0,2,17,21,0,6,58,0.09375
1719898200,51,Neutral,2024-07-02,134.514062,33347.47,11420.300000000001,3.4119444444444444,11.458730000000001,-2891.23615,5795.505825797948,5,0,8,0,0,5,0,13,5,0.7222222222222222
1719984600,50,Neutral,2024-07-03,62.132626888888886,179600.66,256.5812,2039.0916666666667,62.628682,744.9618716666668,957.9845527479089,7,0,4,7,0,0,0,18,0,1.0
1720071000,44,Fear,2024-07-04,0.0,430568.01,302.9901,2795.886,113.02464499999999,297.4258684,681.3709014039708,3,0,0,22,0,0,0,25,0,1.0
1720157400,29,Fear,2024-07-05,0.0,272289.89,5354.8189999999995,1837.889625,95.130717,1435.01399375,1968.3034296090495,12,0,0,20,0,0,0,32,0,1.0
1720243800,26,Fear,2024-07-06,4.53634075,2490.17,983577.0,1.10232597125,344.35416,306989.29762125,332027.8636680926,17,0,0,0,0,7,0,17,7,0.7083333333333334
1720330200,29,Fear,2024-07-07,6.1428942,498.75,125.0,3.9900000000000007,0.049875,2385.08597,33.30815715907036,0,0,0,0,0,10,0,0,10,0.0
1720416600,28,Fear,2024-07-08,0.0,497.64,156.0,3.19,0.0156,2313.98597,0.0,1,0,0,0,0,0,0,1,0,1.0
1720503000,27,Fear,2024-07-09,43.265627466666665,2736.45,600.0,4.546446666666666,0.39756800000000003,2204.8370366666663,155.60061818949296,0,0,0,0,0,15,0,0,15,0.0
1720589400,28,Fear,2024-07-10,213.88812333928573,687900.21,6773.8043,2410.4582857142855,240.76504,-64.06493303571429,1157.0961044857622,0,33,0,10,8,5,0,10,46,0.17857142857142858
1720675800,29,Fear,2024-07-11,98.77958326315789,169887.02,53.826499999999996,3151.1421052631576,59.460443,14.223484210526316,8.17158090744741,0,9,0,10,0,0,0,10,9,0.5263157894736842
1720762200,25,Fear,2024-07-12,74.33235021052631,89582.97,6408.3182,1621.380905263158,31.354029,-2100.932873684211,2561.179314037063,0,0,9,10,0,0,0,19,0,1.0
1720848600,25,Fear,2024-07-13,171.38928452941175,139189.19,119.9226,2416.179635294118,48.71621,405.4312223529412,713.6306246706195,0,13,0,0,0,4,0,0,17,0.0
1720935000,33,Fear,2024-07-14,0.0,84001.13,26.2683,3194.1857142857143,29.400389,-9.317742857142857,6.230645870977086,0,0,0,0,7,0,0,0,7,0.0
1721021400,52,Neutral,2024-07-15,-0.038461538461538464,198344.85,249.8487,2752.5296153846157,68.995769,-46.751215384615385,20.95651248991,0,0,2,0,24,0,0,2,24,0.07692307692307693
1721107800,65,Greed,2024-07-16,0.0,144000.57,41.7464,3446.881818181818,50.400180999999996,-95.67333636363637,13.178282124427124,0,0,0,0,22,0,0,0,22,0.0
1721194200,69,Greed,2024-07-17,5.297064037037037,626005.53,148888.4638,92.99230740740741,206.601913,-26382.624798005698,16158.429722751325,0,0,155,0,196,0,0,155,196,0.4415954415954416
1721280600,61,Greed,2024-07-18,63.398071849999994,649704.85,2916.6704,2995.8028266666665,227.396664,-718.8119416666667,1832.868032538988,0,0,48,12,0,0,0,60,0,1.0
1721367000,60,Greed,2024-07-19,93.73439626086956,150269.42,800.5319999999999,8050.626695652173,52.594288,-895.4349413043477,1757.2057210307744,0,12,0,1,10,0,0,1,22,0.043478260869565216
1721453400,74,Greed,2024-07-20,8.643494609022557,244362.21,32883.8745,124.94923650375941,80.758418,-7701.568093984962,5819.139714794114,0,0,36,5,225,0,0,41,225,0.15413533834586465
1721539800,74,Greed,2024-07-21,-6.608743051339286,234307.46,59706.7453,27.973419642857145,64.72334,-21268.516991964283,6905.782683516636,0,0,236,3,209,0,0,239,209,0.5334821428571429
1721626200,70,Greed,2024-07-22,9.851427766233765,304213.8,19037.4927,481.8778051948052,97.459536,-17065.60236948052,7764.727120428548,0,8,97,5,43,0,0,102,51,0.6666666666666666
1721712600,71,Greed,2024-07-23,242.9467627189189,358526.54,65463.9188,23.578924594594596,59.243126000000004,31888.89354702703,36851.13240718298,0,229,135,2,4,0,0,137,233,0.37027027027027026
1721799000,69,Greed,2024-07-24,6.9506831,69207.93,109521.54280475,115.88352861011111,55.067279,13048.44156016389,25974.551743811302,33,0,18,3,9,0,27,54,9,0.8571428571428571
1721885400,68,Greed,2024-07-25,11.753054615384617,528555.31,398195.65057999996,2688.136446210769,224.185916,32956.52669205128,206579.9640042935,2,0,10,65,0,0,1,77,0,1.0
1721971800,68,Greed,2024-07-26,18.200744164473683,548587.65,269229.167597,826.2452972302632,206.567015,315.74097103289455,130160.17490079025,1,29,32,10,79,0,1,43,108,0.2847682119205298
1722058200,72,Greed,2024-07-27,112.2916430877193,905199.75,2091.77823,2922.802513681579,316.819894,-132.1717784210526,844.2796008976198,0,42,0,9,5,0,1,9,47,0.16071428571428573
1722144600,71,Greed,2024-07-28,36.706189375,43254.68,4913.6029,607.7397125,15.139122,-1693.4746125,1452.0011276626608,0,0,12,3,1,0,0,15,1,0.9375
1722231000,74,Greed,2024-07-29,8.482165487179486,327199.14,5057.07922,48349.08078974359,114.519684,-712.0488197435898,1267.6947047318558,0,13,3,15,8,0,0,18,21,0.46153846153846156
1722317400,67,Greed,2024-07-30,0.0,36006.47,10.9261,3295.4833333333336,12.602264,49.64471666666666,3.384987495053217,0,0,0,6,0,0,0,6,0,1.0
1722403800,61,Greed,2024-07-31,17.806764744186047,84506.54,44585.1777,256.78039232558143,29.577267000000003,-8173.890776744187,6993.803238162181,0,0,14,3,26,0,0,17,26,0.3953488372093023
1722490200,52,Neutral,2024-08-01,2.9312283684210527,227774.53,292827.2818435,18740.473002526316,108.095036,166376.4956409386,541583.7340574331,5,6,1,41,3,0,1,47,9,0.8392857142857143
1722576600,57,Greed,2024-08-02,12.418542714285714,396320.37,68333.3740408,14406.321016984128,145.520462,33155.55129620317,262433.6689382731,1,17,0,41,3,0,1,42,20,0.6774193548387096
1722663000,37,Fear,2024-08-03,12.545667567567568,290532.86,71917.87894000001,2718.8256902127027,108.653106,58286.87483621623,353642.1519295577,1,0,1,34,0,0,1,36,0,1.0
1722749400,34,Fear,2024-08-04,-965.9212667952756,1207744.07,227049.7193107,11138.705859755904,445.902235,77198.73645929685,357345.2658198322,11,65,0,49,0,0,2,60,65,0.48
1722835800,26,Fear,2024-08-05,-162.6708146125,420495.4,422142.75432,14847.670722625,202.719158,105213.607632875,484739.7966900621,7,12,1,33,2,25,0,41,39,0.5125
1722922200,17,Extreme Fear,2024-08-06,2.4982995140186914,61478.38,305641.96643,1056.048024274299,62.621279,56143.665529618695,80178.07274179552,71,0,0,5,0,31,0,76,31,0.7102803738317757
1723008600,29,Fear,2024-08-07,5.720886515151515,2492.77,29210.93451012,1.594288883939394,3.7522038,59895.80629000363,98017.49997262664,12,0,0,0,0,10,11,12,10,0.5454545454545454
1723095000,20,Extreme Fear,2024-08-08,-4.5235796666666666,16299.35,14545.8545382,520.3884688888888,6.647995,48585.02089251111,95088.44483380932,3,0,0,2,0,3,1,5,3,0.625
1723181400,48,Neutral,2024-08-09,125.56993941666666,503204.86,84372.3108,4675.996384345139,185.25438068,11778.072933701389,60120.94250372578,26,33,25,3,56,0,1,54,89,0.3776223776223776
1723267800,40,Fear,2024-08-10,0.0,11339.29,155667.97957,1.8675185526136362,50.0831879,115962.98122553182,161035.8013230363,87,0,0,0,0,0,1,87,0,1.0
1723354200,39,Fear,2024-08-11,35.32402583333334,44230.21,95524.24650000001,892.9076233333334,40.931287,310418.394425,225259.06781743685,16,4,0,0,4,0,0,16,8,0.6666666666666666
1723440600,25,Fear,2024-08-12,17.88896875,54167.32,59463.483204000004,855.5521279583332,36.071895,144534.02000633333,238554.39037412824,23,0,6,10,8,0,1,39,8,0.8297872340425532
1723527000,31,Fear,2024-08-13,9.220913913043479,20797.87,147711.88290362002,458.5604338260869,17.932876999999998,203108.84856102697,277233.4528173241,8,0,8,4,0,0,3,20,0,1.0
1723613400,30,Fear,2024-08-14,86.75606052,66710.03,73630.204824,971.82196148,46.493106,373571.58924496005,311311.4000929035,15,5,0,4,0,0,1,19,5,0.7916666666666666
1723699800,29,Fear,2024-08-15,0.0,1522.3700000000001,47151.0,0.032253416666666666,16.50261,680674.15515,15067.146695173537,12,0,0,0,0,0,0,12,0,1.0
1723786200,27,Fear,2024-08-16,23.578015542857145,166382.84,68634.52886,13243.149667228572,81.187942,318257.5798848572,370875.74804574857,25,3,0,7,0,0,0,32,3,0.9142857142857143
1723872600,25,Fear,2024-08-17,-9.609437100000001,30248.96,178685.85,0.17191166666666666,17.096539,318914.1177235167,81506.71300548378,29,0,0,0,0,1,0,29,1,0.9666666666666667
1723959000,31,Fear,2024-08-18,20.480125866666665,62804.48,23.72880553,2467.2810786666664,21.981557000000002,7.8977003686666665,6.2942878258657355,0,12,0,0,2,0,1,0,14,0.0
1724045400,28,Fear,2024-08-19,42.462447874999995,100315.03,1.71498,58542.625,35.110258,0.3873825,0.33605580904495186,0,5,0,3,0,0,0,3,5,0.375
1724131800,30,Fear,2024-08-20,16.050237,49914.8,8076.92,1739.2645333333332,17.470174,-366.36385,937.8815035871512,0,0,1,4,7,0,0,5,7,0.4166666666666667
1724218200,26,Fear,2024-08-21,4.525523620689655,104990.41,44587.9221,141.46601248275863,36.746583,-1567.4541986206896,3367.5670776233433,0,0,54,2,89,0,0,56,89,0.38620689655172413
1724391000,34,Fear,2024-08-23,100.53052699999999,63509.56,23.667,2683.83,22.228341999999998,-0.09547000000000025,7.427062949937433,0,3,0,0,7,0,0,0,10,0.0
1724477400,56,Greed,2024-08-24,0.0,34999.67,5.73838,46230.142857142855,12.249882,-4.293645714285715,7.292435798162955,0,0,0,0,7,0,0,0,7,0.0
1724563800,54,Neutral,2024-08-25,0.0,21950.28,55163.47627,19585.087261176468,26.303603,376559.33165235294,411879.62017272884,8,0,0,0,9,0,0,8,9,0.47058823529411764
1724650200,55,Greed,2024-08-26,38.539486333333336,92611.27,140.9642,2263.875,32.302932,653.1993583333334,1612.022088232904,1,0,2,3,0,0,0,6,0,1.0
1724736600,48,Neutral,2024-08-27,0.0,70250.16,87488.24118,372.7858502784,52.053552,317026.9957868,422511.7189828258,42,0,0,7,0,0,1,49,0,1.0
1724823000,30,Fear,2024-08-28,148.15107166666667,71160.06999999999,19.876250000000002,15309.777777777777,24.906026,31.36288,18.336006145143084,0,0,2,7,0,0,0,9,0,1.0
1724909400,29,Fear,2024-08-29,0.0,9995.85,0.1644,60802.0,3.498547,0.0,0.0,0,0,0,0,1,0,0,0,1,0.0
1724995800,34,Fear,2024-08-30,42.744,37233.24,5449.0260444,11097.769382833334,13.031175999999999,934.5630074,2187.5119555704287,0,0,1,3,0,0,2,4,0,1.0
1725082200,29,Fear,2024-08-31,0.3200823823529412,107507.43000000001,23355.38432,11030.937086423235,39.955315,2405.177706470588,3178.181073925763,5,0,2,4,11,11,1,11,22,0.3333333333333333
1725168600,26,Fear,2024-09-01,11.452757750000002,12359.68,5846.961139999999,44.57331249999999,4.325861,-1304.8965716666667,1584.1254176864181,0,1,4,3,3,0,1,7,4,0.6363636363636364
1725255000,26,Fear,2024-09-02,0.0,30000.42,12.3657,2426.1,10.500148,68.349,5.303300858899107,0,0,0,2,0,0,0,2,0,1.0
1725427800,27,Fear,2024-09-04,31.346621529411763,131480.97,52210.38311,5402.028013264706,63.570226999999996,305434.9363461765,443915.11299191567,25,3,5,1,0,0,0,31,3,0.9117647058823529
1725600600,22,Extreme Fear,2024-09-06,-26.306113452380952,39047.1,1449.6331,215.73034285714286,13.666476,4019.9604233333334,1348.2833728449468,0,0,0,4,0,38,0,4,38,0.09523809523809523
1725859800,26,Fear,2024-09-09,0.0,4014.4300000000003,349080.0,0.0115,34.9079,1021003.16055,77243.69063233526,2,0,0,0,0,0,0,2,0,1.0
1725946200,33,Fear,2024-09-10,-73.24321966666666,2547.28,66673.7621,1557.6705000000002,7.2904,438476.7027666667,759462.7204939513,1,2,0,0,0,0,0,1,2,0.3333333333333333
1726291800,50,Neutral,2024-09-14,0.0,1014.8000000000001,88358.33644,0.010652363636363637,30.381330000000002,1290198.8531309091,428805.9337753204,10,0,0,0,0,0,1,10,0,1.0
1726637400,45,Neutral,2024-09-18,-6.059895131034483,13633.5,81796.0,3.120756620689655,31.732943,116513.14479199999,401157.355155685,11,0,0,0,0,134,0,11,134,0.07586206896551724
1726723800,49,Neutral,2024-09-19,0.0,1521.8700000000001,81738.0,0.9843423684210526,28.60766,1080310.357626316,754175.3619556235,19,0,0,0,0,0,0,19,0,1.0
1726810200,54,Neutral,2024-09-20,599.0646425,332873.38,7603.34105,17153.90225,109.317031,-568.710596875,1581.3254559410132,0,9,0,3,4,0,0,3,13,0.1875
1726896600,54,Neutral,2024-09-21,1572.416057826087,165648.12,38533.5,4.30038695652174,57.976841,24296.09565217391,10855.879205526388,0,23,0,0,0,0,0,0,23,0.0
1726983000,52,Neutral,2024-09-22,0.0,19999.739999999998,0.31897,62701.0,6.999907,0.24225,0.08003227661387625,0,0,0,3,0,0,0,3,0,1.0
1727069400,50,Neutral,2024-09-23,167.380398,40334.29,0.6335,63672.0,14.117002000000001,0.23823,0.3369080969641424,0,1,0,1,0,0,0,1,1,0.5
1727155800,54,Neutral,2024-09-24,0.0,7118.63,36943.229999999996,0.4286068,12.966142,1150150.757351,795426.5447138601,9,0,0,0,1,0,0,9,1,0.9
1727242200,59,Greed,2024-09-25,0.0,52754.130000000005,670.29859,42295.14844444444,17.764677,-3160.3517722222223,4744.460092304181,0,0,0,6,3,0,0,6,3,0.6666666666666666
1727328600,50,Neutral,2024-09-26,54.976564125,113711.93000000001,8342.780780000001,24173.9921375,31.348204,-7643.1171825,6893.83699225568,0,2,0,0,6,0,0,0,8,0.0
1727415000,61,Greed,2024-09-27,0.0,126097.04,6413.993329999999,11807.956114285715,37.503311,-18978.922995892855,9045.404753959465,0,0,0,0,56,0,0,0,56,0.0
1727501400,64,Greed,2024-09-28,0.0,29199.21,7119.320000000001,4.101,2.8031200000000003,-26550.364999999998,2399.6839743669043,0,0,0,0,4,0,0,0,4,0.0
1727674200,61,Greed,2024-09-30,25.571946113207545,214669.85,9188.664999999999,6063.712550943396,65.637576,-30818.39715528302,10227.231032510512,0,0,5,5,96,0,0,10,96,0.09433962264150944
1727760600,50,Neutral,2024-10-01,0.0,139954.32,2.25636,62044.5,48.98401,1.83578,0.800025557966744,0,0,0,4,0,0,0,4,0,1.0
1727847000,42,Fear,2024-10-02,0.0,99954.34,1.64099,60911.0,34.984016999999994,3.7032475,0.341040484143745,0,0,0,4,0,0,0,4,0,1.0
1727933400,37,Fear,2024-10-03,11.152864666666666,132935.69,3777.99039,26799.238066666665,46.527491000000005,491.7307866666667,731.3703781864376,0,3,0,6,0,0,0,6,3,0.6666666666666666
1728106200,49,Neutral,2024-10-05,155.86924032432432,605605.74,2278.873416,60568.594601856756,211.961771,63.44648043243244,372.6958535084647,0,23,1,8,4,0,1,9,27,0.25
1728192600,50,Neutral,2024-10-06,5.9312308636363635,300130.56,4.8180499999999995,62166.40909090909,105.045693,-0.30976,1.1215279192881724,0,5,0,6,11,0,0,6,16,0.2727272727272727
1728279000,50,Neutral,2024-10-07,0.0,219984.65,3.4539,63684.42857142857,76.994616,-4.82207619047619,0.929187459415355,0,0,0,0,21,0,0,0,21,0.0
1728365400,49,Neutral,2024-10-08,149.90407327777777,434584.13,414.530151,58825.33341509444,152.10422,7.177104472222222,66.3052299576904,0,0,33,1,0,0,2,34,0,1.0
1728451800,49,Neutral,2024-10-09,28.290194285714286,220399.93,3.5594,61800.92857142857,77.139967,0.8050550000000001,0.511176874804226,0,3,0,11,0,0,0,11,3,0.7857142857142857
1728538200,39,Fear,2024-10-10,0.0,300024.33999999997,5.04899,59323.25,105.00851,4.391618125,1.4675912673730322,0,0,0,16,0,0,0,16,0,1.0
1728624600,32,Fear,2024-10-11,341.74336450000004,488904.19,4520.60588,59195.38462157692,171.116194,175.9861126923077,884.512227634803,0,18,0,0,7,0,1,0,25,0.0
1728711000,49,Neutral,2024-10-12,54.155471,159713.4,2.54599,62726.0,55.899685,-0.611799,0.6059932803156961,0,1,6,1,2,0,0,7,3,0.7
1728797400,50,Neutral,2024-10-13,0.0,60002.42,0.95706,62778.2,21.000841,0.313465,0.3365992798648796,0,0,0,10,0,0,0,10,0,1.0
1728883800,48,Neutral,2024-10-14,382.72391600000003,61916.020000000004,0.95706,64693.8,21.670604,0.489938,0.3306454401167511,0,5,0,0,0,0,0,0,5,0.0
1728970200,65,Greed,2024-10-15,167.17515371428573,81173.36,1.22058,66652.28571428571,28.410673,0.2371414285714286,0.21017646438398468,0,4,0,3,0,0,0,3,4,0.42857142857142855
1729056600,73,Greed,2024-10-16,19.95280690909091,80229.17,1.18732,67576.54545454546,28.080204000000002,0.14958636363636366,0.12959732676816502,0,3,0,8,0,0,0,8,3,0.7272727272727273
1729143000,71,Greed,2024-10-17,4.0127733333333335,140531.75,2.09306,67400.11111111111,49.186107,0.22342111111111113,0.30313347713690597,0,2,0,7,0,0,0,7,2,0.7777777777777778
1729229400,73,Greed,2024-10-18,55.536523499999994,120331.43000000001,1.78975,67397.0,42.115998,0.7015033333333333,0.6786283215329776,0,5,0,1,0,0,0,1,5,0.16666666666666666
1729315800,72,Greed,2024-10-19,0.0,99996.86,1.46394,68391.25,34.998901000000004,0.36507,0.3867145408006617,0,0,0,4,0,0,0,4,0,1.0
1729402200,73,Greed,2024-10-20,4.05370621875,176447.86000000002,52199.2564,4280.33074875,59.257459,-9977.2101628125,5721.398464077472,0,5,6,1,84,0,0,7,89,0.07291666666666667
1729488600,72,Greed,2024-10-21,14.248066843930635,324117.99,109550.91603,4316.762150867052,109.858043,-14255.178997398843,10293.8915335699,0,0,68,11,94,0,0,79,94,0.45664739884393063
1729575000,70,Greed,2024-10-22,0.0,60000.36,0.8949,67047.0,21.000124,2.5173066666666664,0.2609516201009934,0,0,0,3,0,0,0,3,0,1.0
1729661400,71,Greed,2024-10-23,-2.5827745,210006.07,55.42812,30954.322222222225,73.502111,7.122402777777777,7.512187335436452,0,3,0,15,0,0,0,15,3,0.8333333333333334
1729834200,72,Greed,2024-10-25,441.19540236666666,427883.18,8005.94794,56633.085333333336,143.841914,-6745.406718666667,15344.652849295848,0,16,5,9,0,0,0,14,16,0.4666666666666667
1730007000,74,Greed,2024-10-27,166.66557699999998,90664.41,1.33847,67737.75,31.73254,0.633035,0.4236061852318338,0,3,0,0,1,0,0,0,4,0.0
1730093400,72,Greed,2024-10-28,12.867704769230771,121495.25,6180.7549500000005,52838.49888384615,42.27334,94020.66508846154,178669.30453421178,0,1,0,0,9,3,0,0,13,0.0
1730179800,72,Greed,2024-10-29,15.11643162264151,613267.8099999999,6307.65733,51081.13156396226,214.643714,-140.08964905660378,388.9910537952509,0,0,3,0,50,0,0,3,50,0.05660377358490566
1730266200,77,Extreme Greed,2024-10-30,0.36600091999999995,11830.85,16339.813900000001,646.6885008,3.596988,-4672.438332,3901.9496533296665,0,0,8,0,17,0,0,8,17,0.32
1730352600,77,Extreme Greed,2024-10-31,25.292579395833332,896173.36,6851.27557,42753.894183125,312.710928,-237.16660687499999,697.8010790539151,0,3,34,8,3,0,0,42,6,0.875
1730439000,75,Extreme Greed,2024-11-01,45.238075478260875,260981.03,57939.29527,27379.532136956524,90.654875,8083.628513478261,9564.267433826395,0,10,0,13,0,0,0,13,10,0.5652173913043478
1730525400,72,Greed,2024-11-02,0.0,40000.0,0.58072,68880.0,13.999997,1.07776,0.3079732874779889,0,0,0,2,0,0,0,2,0,1.0
1730611800,74,Greed,2024-11-03,0.0,129055.66,129416.61818,45208.04899166667,40.404152,16662.185636666665,40809.38798090178,0,0,0,6,0,0,0,6,0,1.0
1730698200,70,Greed,2024-11-04,77.76140205555555,451811.97,129421.2777,49681.014294444445,158.13418000000001,18891.41010888889,37468.73456012171,0,23,0,13,0,0,0,13,23,0.3611111111111111
1730784600,70,Greed,2024-11-05,67.8475928,200627.23,2.96249,67511.4,70.219524,1.452014,0.5267471249765975,0,5,0,5,0,0,0,5,5,0.5
1730871000,70,Greed,2024-11-06,187.85581533333334,123906.9,11683.6737,58370.23423933333,43.36741,701.084926,1862.820626484331,0,9,0,6,0,0,0,6,9,0.4
1730957400,77,Extreme Greed,2024-11-07,39.764187044247784,111335.3,132565.51276,1338.6989985840708,26.17844238,167375.9950541629,188251.837468991,47,12,0,6,0,48,0,53,60,0.4690265486725664
1731043800,75,Extreme Greed,2024-11-08,-1.6516292564102582,270700.44,8026.56244,46749.91446666667,93.87825699999999,668.1017651282052,1197.167692740248,0,16,0,23,0,0,0,23,16,0.5897435897435898
1731130200,75,Extreme Greed,2024-11-09,1.196615581395349,193384.41,77022.8972,8015.27303244186,66.18450299999999,-22169.93237790698,13573.486451463168,0,0,44,9,33,0,0,53,33,0.6162790697674418
1731216600,78,Extreme Greed,2024-11-10,5.728984589595376,413636.7,840527.93569,22619.335545589594,142.313546,-31373.868432890173,78898.60804063667,0,6,45,3,119,0,0,48,125,0.2774566473988439
1731303000,76,Extreme Greed,2024-11-11,18.09552545844504,1570572.42,3050577.40352,6882.198738908847,396.91055,-60029.76693967829,168868.61091643161,0,13,83,11,266,0,0,94,279,0.2520107238605898
1731389400,80,Extreme Greed,2024-11-12,20.435084175438597,1226354.52,144432.45464,33638.82797450292,427.904853,-8868.139725614035,16230.942428207443,0,12,30,68,61,0,0,98,73,0.5730994152046783
1731475800,84,Extreme Greed,2024-11-13,163.46671404166668,515336.37,81116.91647000001,46411.560992520834,179.184068,231.9112747916666,5091.703795504863,0,30,2,14,2,0,0,16,32,0.3333333333333333
1731562200,88,Extreme Greed,2024-11-14,41.4864475,1008361.81,5189260.03874,33402.97117528182,335.028802,540634.3717973636,701355.2213202089,0,28,0,82,0,0,0,82,28,0.7454545454545455
1731648600,80,Extreme Greed,2024-11-15,27.790204281879195,1427858.42,21773.26548,47181.7405247651,466.427513,972.0838752348994,1614.5692018460552,0,40,15,76,18,0,0,91,58,0.610738255033557
1731735000,86,Extreme Greed,2024-11-16,17.640266936305732,303296.07,163784.50782,8005.464557764331,100.171303,3310.365004522293,13151.959687474071,16,31,27,34,49,0,0,77,80,0.49044585987261147
1731821400,90,Extreme Greed,2024-11-17,4.224762129186603,1215987.57,118664.53501,13599.930072669855,271.111689,-905.9047267464115,4620.950757625374,2,26,34,36,109,0,0,72,135,0.34782608695652173
1731907800,83,Extreme Greed,2024-11-18,12.921431176300578,2084339.58,762850.39811,13431.133118797688,445.104339,3999.561134710982,66297.54593213502,2,87,53,68,119,14,0,123,220,0.358600583090379
1731994200,90,Extreme Greed,2024-11-19,9.699242593442623,628031.15,617141.86239,15993.576337872131,201.486933,-2741.574901147541,14226.218167262086,2,79,84,73,62,2,1,159,143,0.5264900662251656
1732080600,83,Extreme Greed,2024-11-20,7.654714358181818,1999514.1199999999,3357149.9662699997,9792.793397765454,644.057369,86029.09331743636,285205.2811228414,0,243,54,190,61,2,0,244,306,0.44363636363636366
1732167000,82,Extreme Greed,2024-11-21,3.1634222261682243,598300.62,6327019.74521,7300.062138975701,198.628267,39084.98276,61583.74697668163,11,206,47,176,93,0,0,234,299,0.43902439024390244
1732253400,94,Extreme Greed,2024-11-22,-26.664721085419732,1646713.62,6863952.50785,9893.695111284242,436.439059,41031.52684836524,64943.191148494465,2,226,125,199,126,0,0,326,352,0.4808259587020649
1732339800,93,Extreme Greed,2024-11-23,7.993200104683195,516245.68,1853295.87574,4723.455523900826,154.621867,19301.342857052343,65800.56616267475,4,61,85,61,149,3,0,150,213,0.4132231404958678
1732426200,80,Extreme Greed,2024-11-24,5.497385965116279,664952.28,354313.50949,19953.478843476743,202.583126,28910.33215215116,90097.1510008144,1,13,46,56,54,2,0,103,69,0.5988372093023255
1732512600,82,Extreme Greed,2024-11-25,21.66172836862745,937410.87,531097.97884,14680.957598172548,283.779701,28094.826063960783,83241.27780883168,3,72,66,57,46,11,0,126,129,0.49411764705882355
1732599000,79,Extreme Greed,2024-11-26,3.6251965529801327,1146902.44,2007687.4917,10192.743361337749,311.298478,20370.962199271526,59024.40449221842,6,77,50,141,27,1,0,197,105,0.652317880794702
1732685400,75,Extreme Greed,2024-11-27,-12.462420812206572,1444242.53,384052.49735,19940.432149488264,439.714536,3585.834336760563,15669.631571395103,2,99,29,41,40,2,0,72,141,0.3380281690140845
1732771800,77,Extreme Greed,2024-11-28,-382.75722766566264,1894225.15,30569.13728,4420.7387338072285,315.582009,45.95090265060241,3549.1193501229704,5,91,137,65,34,0,0,207,125,0.6234939759036144
1732858200,78,Extreme Greed,2024-11-29,449.98726247328244,794262.91,683964.22416,1859.8201062210942,192.45173557,28663.940068078115,66819.77613011691,94,38,28,26,62,145,0,148,245,0.37659033078880405
1732944600,84,Extreme Greed,2024-11-30,100.04475474530831,1732193.7,271197.97742435,3435.1424477873725,552.3753395,11483.757911642948,36184.3446880338,40,14,38,25,128,121,7,103,263,0.2814207650273224
1733031000,81,Extreme Greed,2024-12-01,98.28453003365385,814711.82,3560119.23642001,6389.235122030456,245.38375138,18184.968293473583,165470.98343952792,49,35,77,18,116,120,1,144,271,0.3469879518072289
1733117400,80,Extreme Greed,2024-12-02,68.48001597407408,585243.56,210965.83884,6137.360651434223,147.88781359,8389.984791455556,15372.458925894958,73,45,44,39,44,23,2,156,112,0.582089552238806
1733203800,76,Extreme Greed,2024-12-03,63.03887509358289,1084666.53,251246.61252,2354.399729529412,330.57309170999997,13921.79072131278,24971.100653477977,60,77,25,85,52,75,0,170,204,0.45454545454545453
1733290200,78,Extreme Greed,2024-12-04,918.1561599404388,769287.65,13484938.200452391,3922.991142316614,172.60641765,151982.25861053224,720370.5153904946,31,32,42,23,98,92,1,96,222,0.3018867924528302
1733376600,84,Extreme Greed,2024-12-05,156.96078615789474,1256750.79,75629.96987,4881.7428253070175,352.76572323,2332.2629164455484,13559.475912073534,51,36,128,13,187,41,0,192,264,0.42105263157894735
1733463000,72,Greed,2024-12-06,-229.83782604218362,3471019.22,108676.63024,15604.850347196028,691.99378587,7551.158018925931,26796.57040921748,75,17,91,39,152,29,0,205,198,0.5086848635235732
1733549400,75,Extreme Greed,2024-12-07,282.5864442993421,451733.42,1291173.42509178,1359.7200135328949,108.4520379,-47071.11105384875,137359.5146413122,21,0,89,0,140,53,1,110,193,0.36303630363036304
1733635800,79,Extreme Greed,2024-12-08,38.014127228571425,932939.72,930353.7121,1787.932218347619,234.17888346,-30589.775355230788,129142.25851242368,27,2,53,2,235,101,0,82,338,0.19523809523809524
1733722200,78,Extreme Greed,2024-12-09,11.708659881261596,983949.68,170346.94181,3534.2818935269015,174.77343643,15604.680434561353,25374.078802354812,275,13,153,27,58,13,0,455,84,0.8441558441558441
1733808600,78,Extreme Greed,2024-12-10,24.640206911654136,3150424.08,2869587.4983333,2885.2128903966163,453.54068535,29865.685533334276,59050.49948391272,288,132,202,40,144,789,1,530,1065,0.3322884012539185
1733895000,74,Greed,2024-12-11,261.30348420720725,2194098.33,371860.94751,4356.6742505249795,413.50923006,37221.38219646437,52241.51771489541,14,67,97,60,265,718,0,171,1050,0.14004914004914004
1733981400,83,Extreme Greed,2024-12-12,310.1199767122153,4557189.87,1644131.25544,2265.6843708274846,698.96545151,21366.19142231589,39171.27486025904,261,59,118,41,213,1238,0,420,1510,0.21761658031088082
1734067800,76,Extreme Greed,2024-12-13,27.22583268968457,2880824.64,548827.41916,4577.503724812446,453.22737636,10060.93200647844,19972.80540440565,426,268,111,139,119,110,0,676,497,0.5763000852514919
1734154200,83,Extreme Greed,2024-12-14,135.87157833522267,2369561.78,375074.5156657,2159.9074581732793,232.09144503,6344.007520937555,19346.490585739248,124,310,62,409,99,230,1,595,639,0.4821717990275527
1734240600,80,Extreme Greed,2024-12-15,57.4692488385386,2583269.81,832940.28064,1595.8074837011786,231.33057037999998,18001.48229920512,54761.70437409367,568,264,33,530,130,172,0,1131,566,0.6664702416028285
1734327000,83,Extreme Greed,2024-12-16,158.07994704549765,2740808.97,163627.84630525,3014.2459456306633,402.150056,11516.508651782673,23418.500432366516,192,173,68,163,150,305,4,423,628,0.40247383444338725
1734413400,87,Extreme Greed,2024-12-17,113.13307839876352,5233597.63,1563454.83822607,1052.0018582095724,746.14038598,10949.825591980783,21727.12715494466,386,313,119,346,333,441,3,851,1087,0.4391124871001032
1734499800,81,Extreme Greed,2024-12-18,9.575223703988803,3798887.07,845985.81701106,5035.001314213366,691.44797021,7088.470547001805,32914.33781142587,322,161,210,183,178,372,3,715,711,0.5014025245441796
1734586200,75,Extreme Greed,2024-12-19,18.79125621024259,8241709.39,10741588.93356383,2950.7475688442946,1056.23317908,30845.93235520288,151058.1042706582,691,444,117,393,58,1635,1,1201,2137,0.359796285200719
1734672600,74,Greed,2024-12-20,102.47976689670418,7681274.71,1705118.67043015,1281.1534623320258,1210.83830578,23985.258815348512,54086.99353062541,588,299,286,255,164,894,2,1129,1357,0.45414320193081253
1734759000,73,Greed,2024-12-21,89.24578415050566,4382875.12,140974.53887,3657.2952470862583,680.39159713,9350.125717465258,9681.521681934675,275,148,66,255,217,720,0,596,1085,0.3545508625817965
1734845400,73,Greed,2024-12-22,455.03509557235145,3087320.22,345463.80597,1463.3598931589147,333.05684453,-7957.258054872223,46971.55270915908,60,81,170,218,143,102,0,448,326,0.5788113695090439
1734931800,70,Greed,2024-12-23,-12.53967898466127,6771878.26,715969.51279,1741.0217452281254,1200.89694657,2151.2948376477034,34716.03024638457,629,38,355,52,262,1011,0,1036,1311,0.4414145717937793
1735018200,73,Greed,2024-12-24,43.827751822485205,1767036.11,1250239.96550993,11362.672453045592,386.78244023,-2077.187963506598,67218.88354167987,39,38,66,13,104,67,11,118,209,0.36085626911314983
1735104600,73,Greed,2024-12-25,3.637774264423076,347889.35,146457.6319,3392.6270428030766,66.51878221999999,-1678.022463810673,22682.49971777739,45,12,39,2,78,31,1,86,121,0.41545893719806765
1735191000,79,Extreme Greed,2024-12-26,86.41124780774749,2205242.65,638858.34855,4755.660897423242,523.35899848,-563.3470711406457,33340.56431822227,209,6,146,18,99,219,0,373,324,0.5351506456241033
1735277400,74,Greed,2024-12-27,10.280042442307693,347913.0,126942.29191416,13201.857670753847,88.5556466,-1123.533398654,9931.8832203871,17,15,81,39,87,20,1,137,122,0.528957528957529
1735363800,72,Greed,2024-12-28,5.842693310559007,281555.01,20079.81002,4138.285644782609,48.40849263,-2127.5074577062114,20263.76366373181,26,7,25,6,83,14,0,57,104,0.35403726708074534
1735450200,73,Greed,2024-12-29,14.348596651741294,344628.54,118786.58075,7062.877761626865,72.1173571,-49687.932827553734,98727.44855602494,14,0,47,8,115,17,0,69,132,0.34328358208955223
1735536600,65,Greed,2024-12-30,29.637296503289473,1073865.73,185994.29871,12587.64033930592,284.90632048,781.5550532050987,18163.187490552697,68,44,69,45,69,8,0,182,121,0.6006600660066007
1735623000,64,Greed,2024-12-31,17.794159509803922,877164.62,6259129.5589000005,28739.599964186276,266.51641113,270846.1009186264,719932.6003795404,44,78,21,76,86,1,0,141,165,0.46078431372549017
1735709400,66,Greed,2025-01-01,-99.25068067708334,282582.1,34746.99172,8822.579264114584,31.60438221,3815.7647845532297,13504.252184892937,41,2,22,5,20,6,0,68,28,0.7083333333333334
1735795800,70,Greed,2025-01-02,24.145482235457067,774674.84,398599.55802,10094.891613861495,176.13969323,1845.9160559970912,15857.639431657768,17,63,74,15,161,30,0,106,254,0.29444444444444445
1735882200,74,Greed,2025-01-03,11.867099986220472,771208.99,380142.44466,9803.075828159448,210.99783681,-44194.575434762584,119563.52338133285,39,51,86,43,263,25,0,168,339,0.33136094674556216
1735968600,73,Greed,2025-01-04,6.882851665768194,1826029.6199999999,195756.23854,7797.149899172507,233.711971,4665.506790250863,38964.00069404065,14,22,43,19,253,20,0,76,295,0.20485175202156333
1736055000,72,Greed,2025-01-05,13.337737920502093,451943.57,260134.01253,7824.165539405858,139.34161097,-29295.64786985523,72424.77088541261,1,13,49,15,118,42,1,65,173,0.27310924369747897
1736141400,76,Extreme Greed,2025-01-06,10.583220581151831,556526.99,611516.516,7217.135723097731,174.93108825,-88190.90943126338,177339.72708716925,60,15,66,22,370,40,0,148,425,0.2582897033158813
1736227800,78,Extreme Greed,2025-01-07,25.271942748822607,1313178.1,2132880.27843,9068.043705916796,303.38645263,-46410.23458855573,92741.17404216682,15,7,485,61,61,7,0,561,75,0.8820754716981132
1736314200,70,Greed,2025-01-08,125.23300342059672,3177275.18,1312943.32691,6518.9895779990375,696.91291038,12941.877589278181,100760.03137548981,79,129,266,399,139,24,0,744,292,0.7181467181467182
1736400600,69,Greed,2025-01-09,89.99220096168582,1020733.25,384912.5035,6362.8980927356315,275.51377943,6502.6338274800955,17846.096078822007,29,102,57,114,210,9,0,200,321,0.3838771593090211
1736487000,50,Neutral,2025-01-10,-12.352717401709402,6547449.68,1072005.86667,31588.405895721615,2094.17917505,25294.663476374968,63948.89134648493,12,353,125,225,94,6,0,362,453,0.4441717791411043
1736573400,69,Greed,2025-01-11,8.017952424028268,1658098.71,101784.5848,30131.135140431095,494.64797735,145.52115739194346,2686.0715511646936,41,60,22,103,51,5,0,166,116,0.5886524822695035
1736659800,62,Greed,2025-01-12,9.538607646179402,2258459.17,675113.69138,12893.280709518272,612.0827527,183630.51251568587,186505.18598080543,13,455,14,53,61,5,0,80,521,0.13311148086522462
1736746200,61,Greed,2025-01-13,23.66526801960784,2936648.0100000002,966689.30996,29317.207596281864,863.10012478,13266.204835453946,43001.55785957476,68,126,32,140,33,8,1,240,167,0.5896805896805897
1736832600,63,Greed,2025-01-14,58.43459038181818,876581.97,122308.58172999999,21343.217767563634,240.59104948,-12767.070177564,66161.5093054805,25,49,34,33,76,58,0,92,183,0.33454545454545453
1736919000,70,Greed,2025-01-15,55.50407602996255,1801599.8900000001,279128.23766,28411.1857780412,513.60899482,-2184.405678471348,50036.69713665341,6,63,49,37,85,25,0,92,173,0.3471698113207547
1737005400,75,Extreme Greed,2025-01-16,56.08546988679245,3049692.96,274860.5318,30076.24313476011,890.56916796,-4195.309066581078,39241.63936718214,17,74,52,45,167,15,1,114,256,0.3081081081081081
1737091800,75,Extreme Greed,2025-01-17,29.43872104201681,1110230.46,326667.15395,8905.736269495797,351.41464889,11484.325316676555,62400.613833128584,10,54,48,37,64,25,0,95,143,0.39915966386554624
1737178200,77,Extreme Greed,2025-01-18,0.6808495883256523,2711629.88,3127473.39578,9620.95311349616,815.9342014599999,-958.7796469321049,99379.1154175634,44,71,181,128,198,28,1,353,297,0.5430769230769231
1737264600,77,Extreme Greed,2025-01-19,56.10963580216975,9715215.3,648272.56682,6104.771320986599,2162.35563971,12182.967562635125,28409.67823606434,80,122,187,574,478,125,1,841,725,0.5370370370370371
1737351000,76,Extreme Greed,2025-01-20,66.37052408593155,8287327.01,1713831.28674,16330.118057409887,2207.65981966,-268.22872697666924,65557.61021346014,136,398,345,274,97,65,0,755,560,0.5741444866920152
1737437400,76,Extreme Greed,2025-01-21,20.901583813207548,1523729.82,397160.12423,19761.02999872815,398.3042653,-3605.329915559509,16836.993613195486,21,59,75,49,245,80,1,145,384,0.2741020793950851
1737523800,84,Extreme Greed,2025-01-22,24.66875968389423,1778406.43,2769093.11334,8344.303495522838,471.17013976,82367.71349383044,208861.4514329499,16,162,93,188,332,41,0,297,535,0.35697115384615385
1737610200,75,Extreme Greed,2025-01-23,83.13320374384236,3697028.66,4017172.7302,6983.956473275615,1088.34986968,43714.65120619818,211036.407099829,27,445,387,146,198,14,0,560,657,0.4601479046836483
1737696600,75,Extreme Greed,2025-01-24,12.131326931350113,1611433.45,1141046.60679,5079.286193251716,338.6436011,9812.004177256578,38408.94919575369,197,173,74,87,89,252,2,358,514,0.4105504587155963
1737783000,75,Extreme Greed,2025-01-25,-20.450625011857706,1239377.7,702069.15524,3985.267088405138,318.93376206,3019.2628054796637,26248.58620236902,137,86,76,102,97,8,0,315,191,0.6225296442687747
1737869400,73,Greed,2025-01-26,90.51766445232816,1201173.66,1943287.75,18.065921855875832,382.25815423,-34367.882652851215,106202.31734733231,19,66,106,51,175,33,0,176,274,0.39111111111111113
1737955800,71,Greed,2025-01-27,53.469295461837,1508028.31,2637972.50323,11661.276710637774,406.25916743,-8017.939862309043,95036.63859315783,150,152,171,189,34,77,0,510,263,0.6597671410090556
1738042200,72,Greed,2025-01-28,36.103642516064255,579412.17,6818219.08054623,6429.960821865462,124.71028463,102625.50237051192,451165.4595797107,20,120,67,70,76,141,4,157,337,0.31781376518218624
1738128600,72,Greed,2025-01-29,25.737375241758244,1897513.41,5136374.4615,581.4878012956043,612.52114509,-143207.49034097412,341620.15590963623,109,43,292,37,371,58,0,438,472,0.48131868131868133
1738215000,70,Greed,2025-01-30,21.64711470009372,3014397.17,1587617.43128,8261.57404625867,874.65111573,546.5581269507218,40475.823709190736,34,145,166,67,543,112,0,267,800,0.25023430178069356
1738301400,76,Extreme Greed,2025-01-31,35.303441705708664,2783411.48,4156508.54969,6716.441229059054,670.93805151,-19743.580662809272,121688.31494923428,55,293,209,59,316,84,0,323,693,0.31791338582677164
1738387800,68,Greed,2025-02-01,50.946695610410096,1363746.44,6531578.90293,4211.306208217666,285.47738189,-57592.00043543796,199758.39108121718,114,67,190,48,74,141,0,352,282,0.555205047318612
1738474200,60,Greed,2025-02-02,123.46835452843062,5661092.29,2856407.23053,5409.088864621683,1184.12208921,32228.723684552344,78207.60714895753,315,169,123,394,80,236,1,832,485,0.6317388003037205
1738560600,44,Fear,2025-02-03,146.58459086932774,22592901.37,12993753.49954967,4859.416197735714,2991.56562406,-1368.539400002248,173553.478701895,187,690,453,449,404,192,2,1089,1286,0.45852631578947367
1738647000,72,Greed,2025-02-04,165.9541752070064,15678409.27,1144231.01994,15703.124947818073,3853.77856394,542.030125992922,30063.40076119763,39,279,458,646,1030,60,0,1143,1369,0.455015923566879
1738733400,54,Neutral,2025-02-05,43.721075992289904,8743231.51,1176756.31614,21926.164488164224,1335.74961667,-2297.9337742639477,35549.57159828717,175,153,193,321,294,161,0,689,608,0.5312259059367772
1738819800,49,Neutral,2025-02-06,19.84955944392249,2818508.87,2498575.95852,2869.875065266001,709.13035861,9598.631843850217,33054.95350309171,127,354,406,629,118,66,0,1162,538,0.6835294117647058
1738906200,44,Fear,2025-02-07,14.730972500656167,3460263.54,33942918.12908,23967.33330591798,738.0892383400001,436951.272429021,1471205.3697516376,147,422,67,742,95,50,0,956,567,0.6277084701247537
1738992600,44,Fear,2025-02-08,1.0203534834782608,839734.97,1140156.72729,17096.856943027826,109.97628618,3837.630819030435,24717.39407376467,176,100,9,266,11,13,0,451,124,0.7843478260869565
1739079000,46,Neutral,2025-02-09,197.05736844502616,2920919.7,4514415.83014,1661.4545370450262,427.36182496,-25769.211658621727,100783.57712984187,57,51,262,109,264,21,0,428,336,0.5602094240837696
1739165400,43,Fear,2025-02-10,71.88807047244094,3624958.44,9002006.58675,34318.415525228345,491.3623421,73693.97319057019,504361.46196792764,52,253,116,192,183,93,0,360,529,0.4049493813273341
1739251800,47,Neutral,2025-02-11,-7.186067001179245,2797544.17,1275165.26114,19989.86707794811,476.43012785,49751.5536744617,159883.2885242448,152,73,13,197,173,240,0,362,486,0.4268867924528302
1739338200,46,Neutral,2025-02-12,19.251828353055284,4143974.54,1189000.53382,20122.266069995152,1099.15503114,26762.36430873385,113242.91236525812,63,381,131,212,198,45,1,406,624,0.3941747572815534
1739424600,50,Neutral,2025-02-13,20.313528640875912,3199852.21,16842271.94634,19088.377477377373,823.48748402,208583.39203867564,1057642.3627176492,23,383,186,384,306,88,0,593,777,0.43284671532846714
1739511000,48,Neutral,2025-02-14,129.22095184773414,4007103.42,199298.33239999998,20052.512642015045,961.57771575,-4089.6248543037764,37498.08117409761,33,137,129,369,451,534,0,531,1122,0.32123411978221417
1739597400,50,Neutral,2025-02-15,48.32932082618026,1712852.95,14110781.75544,11469.872673227468,374.08731802,100524.9702752775,747342.8967176344,65,260,148,360,90,8,0,573,358,0.6154672395273899
1739683800,54,Neutral,2025-02-16,3.4794103157121876,806177.64,121778.07806,3744.413148171806,171.57200528,-648.8550162382232,15694.60050453928,52,147,130,163,117,72,0,345,336,0.5066079295154186
1739770200,51,Neutral,2025-02-17,1.9325964877789585,2031044.64,142023.06547,4732.56718405526,253.48675564,5255.091474773709,22096.778388514274,430,128,51,142,127,63,0,623,318,0.6620616365568545
1739856600,47,Neutral,2025-02-18,54.418062292959426,3371128.68,44567445.99253,6687.4516690757755,609.53940291,167530.0393657695,1153926.4285632125,350,245,398,302,94,286,0,1050,625,0.6268656716417911
1739943000,44,Fear,2025-02-19,11.010870463629685,3263930.24,52433745.56607,18063.043201803306,688.4874495,-709325.1306853136,2200926.0158625343,178,154,254,432,110,233,0,864,497,0.6348273328434975
1740029400,49,Neutral,2025-02-20,22.867193887673956,4628609.29,8120815.47315,16106.864259217198,1232.46402475,44293.74694461834,265576.21532656625,84,816,146,557,379,29,0,787,1224,0.391347588264545
1740115800,55,Greed,2025-02-21,63.904695114789114,3972159.88,8091976.01041,15982.61099378804,829.71831377,8834.942127789374,195108.0528352171,6,742,241,497,358,29,0,744,1129,0.397223705285638
1740202200,49,Neutral,2025-02-22,36.849423,3175570.2,12684469.99018,16330.238533271136,880.16463397,68904.24403798032,553722.9716175415,3,169,165,192,138,18,0,360,325,0.5255474452554745
1740288600,50,Neutral,2025-02-23,20.494104328846156,1141310.74,4992764.71522,6653.326019425,230.00271917,90605.86307271017,268443.25088740996,60,111,117,106,111,15,0,283,237,0.5442307692307692
1740375000,49,Neutral,2025-02-24,6.850102607193732,11223619.59,1627461.28492,415.2820556340812,2097.96443324,46043.488854809555,65980.20203556381,353,2175,225,2677,59,127,0,3255,2361,0.5795940170940171
1740461400,25,Fear,2025-02-25,32.782929400256165,19414984.36,4702977.52916,1141.5425229423631,3186.61506431,115523.20679875519,156973.7142027279,477,1071,639,3117,511,428,0,4233,2010,0.6780394041326285
1740547800,21,Extreme Fear,2025-02-26,53.76621014370748,4946958.13,2603873.84311,1021.7923438341836,754.17254667,29710.87086274725,107641.42336796768,70,545,280,37,219,24,0,387,788,0.3293617021276596
1740634200,10,Extreme Fear,2025-02-27,-41.039514064044944,1999898.43,355587.03535,3783.741142521348,512.14597331,6969.731789256921,186736.82855166955,16,40,346,44,410,33,0,406,483,0.4566929133858268
1740720600,16,Extreme Fear,2025-02-28,221.4211077016683,4123660.77,283176.4143,2374.567007783121,878.39826396,-2562.4155745596418,34372.69363758545,121,165,174,233,256,68,0,528,489,0.5191740412979351
1740807000,20,Extreme Fear,2025-03-01,60.897177977011495,263824.13,252969.30428563,3119.315583793103,37.06354539,-19930.116304568794,135720.398021715,20,28,56,29,40,0,1,105,68,0.6069364161849711
1740893400,26,Fear,2025-03-02,125.77879832330827,6460848.74,256166.66921,9371.077831221804,1931.69694201,-1687.268554373064,22825.23873119911,39,163,60,175,37,55,0,274,255,0.5179584120982986
1740979800,33,Fear,2025-03-03,415.9332201302294,8244590.38,1215235.7347,3500.2799614203777,1040.56404242,3725.131215920789,43187.18451829225,68,179,714,285,184,50,0,1067,413,0.720945945945946
1741066200,15,Extreme Fear,2025-03-04,75.80165136761032,11124247.15,949350.55796,2545.786879941715,2220.33648528,28300.551683134396,114988.05831074131,196,485,203,1349,39,130,0,1748,654,0.7277268942547876
1741152600,20,Extreme Fear,2025-03-05,162.24600356445782,9193654.22,656600.24214,3657.355850823494,2321.32151085,72610.93333229316,82958.78858334884,50,1106,97,228,103,75,0,375,1284,0.22603978300180833
1741239000,25,Fear,2025-03-06,21.18569152763158,6765324.96,134593.06631,5795.717284914474,1306.61716326,4702.560156036381,14328.880426593025,29,196,137,205,144,49,0,371,389,0.4881578947368421
1741325400,34,Fear,2025-03-07,58.86993010462382,19854275.48,1338194.4536,4468.829034675548,4916.50104687,23379.432478604147,66612.54648779698,81,1192,173,970,70,61,0,1224,1323,0.48056537102473496
1741411800,28,Fear,2025-03-08,46.69333338185255,892083.51,4468405.21703,3131.854198517958,208.339773,-29602.15636373885,216768.72882332528,92,134,66,128,6,101,0,286,241,0.5426944971537002
1741498200,27,Fear,2025-03-09,13.905384947257385,10419697.99,246318.30604,806.5426083241913,2377.0639268,1220.191333293453,17614.38747705381,163,331,224,560,72,72,0,947,475,0.6659634317862166
1741584600,20,Extreme Fear,2025-03-10,-3.438690233596702,16811790.68,726179.78717,2998.767983825833,3488.37247123,16512.489976984536,91794.85590911434,47,1129,5,1518,12,200,0,1570,1341,0.539333562349708
1741671000,24,Extreme Fear,2025-03-11,-23.3964482763238,14016952.09,21838514.43294,2341.3900885374314,2441.08024204,-36398.23861437603,808905.2281066928,51,661,320,1749,289,215,0,2120,1165,0.6453576864535768
1741757400,34,Fear,2025-03-12,72.60735489289314,18618139.15,12354990.93712,4000.6491172159776,3658.41357197,99070.3760981823,337950.8190233216,138,1836,213,1296,201,284,0,1647,2321,0.41507056451612906
1741843800,45,Neutral,2025-03-13,14.672422944906446,3285591.22,740713.05351,5443.617843656964,809.18670717,1671.1575873859667,36345.34514343282,25,433,45,398,49,11,0,468,493,0.4869927159209157
1741930200,27,Fear,2025-03-14,31.061610899999998,8047187.16,334096.57324,4004.7944216610863,1193.48707492,68485.0902535457,60646.15956817633,3,1821,101,193,91,0,1,297,1912,0.1344499773653237
1742016600,46,Neutral,2025-03-15,301.51197154022987,2355749.54,3040228.53161,23597.128657252873,574.332888,-69533.88638961686,219090.80437833056,0,55,132,22,50,0,0,154,105,0.5945945945945946
1742103000,30,Fear,2025-03-16,-14.926308575471696,10187921.51,407202.2754,50519.7275055283,2442.48300218,-9724.362503649243,42297.88370415136,2,90,105,197,111,25,0,304,226,0.5735849056603773
1742189400,32,Fear,2025-03-17,28.439028818478263,3592895.05,4511462.99931,9535.147864272825,807.74000798,-41812.401092958164,218236.5164244455,63,214,236,184,190,33,0,483,437,0.525
1742275800,34,Fear,2025-03-18,86.71797221103118,4050655.47,1280331.60433,11904.990233124701,857.936131,-78662.58034515587,189536.85361075134,0,149,95,245,343,0,0,340,492,0.40865384615384615
1742362200,32,Fear,2025-03-19,18.222507655707197,4598813.57,819323.64098,15006.281201493797,784.4900710184,-67798.00416921388,187589.42609441013,73,674,99,391,373,1,0,563,1048,0.3494723774053383
1742448600,49,Neutral,2025-03-20,13.290349463035021,1652257.93,1015534.77546,2358.06017454345,329.235446,-57748.6066063022,191001.97657729997,0,393,43,195,136,3,0,238,532,0.3090909090909091
1742535000,31,Fear,2025-03-21,9.958840077363897,2543903.39,2651304.56857,4097.717261760745,633.46068283,53486.6109759273,200250.81603611793,16,326,23,307,26,0,0,346,352,0.49570200573065903
1742621400,32,Fear,2025-03-22,23.361748138317758,971809.42,1556446.62807,3803.037827611215,268.83480197,-72672.90048836601,195323.5195755192,1,91,215,6,197,25,0,222,313,0.41495327102803736
1742707800,30,Fear,2025-03-23,31.425999071588368,2593519.67,493230.15874,5709.453012297539,597.21601403,-68545.50591981914,171333.85520199896,39,65,73,178,84,8,0,290,157,0.6487695749440716
1742794200,45,Neutral,2025-03-24,105.04280555111977,3017587.05,617462.1934,3414.229185942551,531.10535137,-6660.759830623003,72121.84942624369,5,432,189,19,332,50,0,213,814,0.2074001947419669
1742880600,46,Neutral,2025-03-25,40.49419314791403,5372519.77,1250187.07465,11769.79868919722,1401.35398577,51911.19232653842,99403.55627053048,32,297,93,297,72,0,0,422,369,0.5335018963337548
1742967000,47,Neutral,2025-03-26,5.094186791424887,7597754.37,4861551.17817,1063.4996657601548,1796.80351609,19328.227667385112,164929.03427573672,54,1006,554,963,459,60,0,1571,1525,0.5074289405684754
1743053400,40,Fear,2025-03-27,74.9367633388535,3240279.46,686430.81325,9118.37818057707,714.0241193,-165920.66129213662,260019.0121141932,12,73,168,294,214,22,0,474,309,0.6053639846743295
1743139800,44,Fear,2025-03-28,29.30931227335165,1483092.61,1624633.89783,7612.338172063187,389.28339505,-26088.644783638996,140012.50217814298,63,127,101,369,62,6,0,533,195,0.7321428571428571
1743226200,26,Fear,2025-03-29,6.38800049155227,3668151.83,1428890.01432,2414.803543719641,839.84451462,32812.086572465436,122505.70909985749,8,792,51,938,8,97,0,997,897,0.5263991552270327
1743312600,32,Fear,2025-03-30,27.8083013028169,2850874.96,697951.78635694,7603.879054272887,759.07175327,80952.80987910887,123495.86689640983,7,82,21,450,4,3,1,478,89,0.8430335097001763
1743399000,34,Fear,2025-03-31,14.097342539393939,2164772.4699999997,1241557.92206,8426.110126818183,482.00163111,45872.21911434709,199859.98753417714,74,166,16,124,5,110,0,214,281,0.43232323232323233
1743485400,34,Fear,2025-04-01,-11.472199177083334,704445.1900000001,922157.5379400001,11425.36599246875,162.93599482,52900.14321609375,277945.71450190863,5,67,45,42,23,10,0,92,100,0.4791666666666667
1743571800,44,Fear,2025-04-02,187.930056633829,3867930.6,3768092.12272,7414.856134767658,1181.2230379,65193.18090953477,165216.5254798369,20,901,62,46,46,0,0,128,947,0.11906976744186047
1743658200,25,Fear,2025-04-03,-1.353524757437071,8670233.15,5323868.72889,4420.623526697368,1337.1188527,41712.621649588145,171373.4442555204,23,614,20,913,178,0,0,956,792,0.5469107551487414
1743744600,28,Fear,2025-04-04,-20.05949602987421,3835545.73,1425479.21115,4732.811766900943,836.063409361,-14360.770737124258,188136.3735064495,35,590,77,387,161,21,0,499,772,0.39260424862313137
1743831000,30,Fear,2025-04-05,99.74260475,1267564.22,1578033.86483985,10940.511464127778,282.060344,39794.9718386973,141824.16324446799,0,184,12,126,18,19,1,138,221,0.38440111420612816
1743917400,34,Fear,2025-04-06,44.89832945801527,3551252.06,1050029.91139322,4081.8439489007637,618.4359126335,-19077.37596638554,138377.9979135272,31,296,47,600,70,3,1,678,369,0.6475644699140402
1744003800,23,Extreme Fear,2025-04-07,12.269854408315563,14460253.14,3912056.53206,10523.865138202558,2766.5551014029,-46141.24134241459,137219.59028153468,37,723,473,902,612,64,0,1412,1399,0.5023123443614372
1744090200,24,Extreme Fear,2025-04-08,37.00890222481442,8869391.4,954031.23507265,31685.96511792683,2274.97769106,11421.168538783626,84813.29567822714,68,371,54,308,105,35,1,430,511,0.4569606801275239
1744176600,18,Extreme Fear,2025-04-09,10.86978694151752,28556806.47,3010140.18608,13917.529131650617,6111.274358194,-22505.401344465085,73947.51524869012,57,988,1109,597,1089,126,0,1763,2203,0.4445284921835603
1744263000,39,Fear,2025-04-10,74.40612236060178,28741953.29,3124622.850807684,39246.50578036154,6868.556500782,-27401.202541386545,130520.94149400748,18,449,870,248,527,10,3,1136,986,0.5353440150801131
1744349400,25,Fear,2025-04-11,115.33437872354014,11319327.07,631096.46176,18896.037772089418,2174.4390780901,-132160.47989441478,354310.49862490396,44,250,183,85,514,20,0,312,784,0.2846715328467153
1744435800,43,Fear,2025-04-12,194.60393292223802,55914617.49,1734379.95047,52901.409214082974,11517.596374457,-5399.21872606971,130905.72531523967,32,296,372,396,960,53,0,800,1309,0.3793266951161688
1744522200,45,Neutral,2025-04-13,36.86299888039364,14171154.79,2596596.5766481,32683.551292376986,2568.3362202649,-13086.931428194799,40056.78658626408,38,196,351,350,366,19,1,739,581,0.5598484848484848
1744608600,31,Fear,2025-04-14,51.32634052022472,13079972.98,255226.28703,32893.321598730334,2023.157718567,691.4135638414809,6555.859523869654,7,228,159,350,115,30,0,516,373,0.5804274465691789
1744695000,38,Fear,2025-04-15,63.976751796640144,20752168.24,332384.0955165,63863.56281482317,1866.90475939,-3807.9451535105877,12161.468283403603,7,426,220,117,354,6,1,344,786,0.30442477876106194
1744781400,29,Fear,2025-04-16,36.46251881654229,36502715.9,685571.47402,48069.123414856964,5997.61790529,-36576.09985207225,228123.77811400674,14,435,273,548,239,99,0,835,773,0.5192786069651741
1744867800,30,Fear,2025-04-17,5.264713759456837,2604551.51,660171.85707,1747.3123040737148,519.20873692,-181229.42418674577,542228.8920165005,11,67,283,46,605,17,0,340,689,0.3304178814382896
1744954200,33,Fear,2025-04-18,2.576771248152059,24610650.46,319091.03943,15666.24511019377,4667.32793177,-3998.5284794163085,12636.154774816247,161,295,499,95,641,203,0,755,1139,0.3986272439281943
1745040600,32,Fear,2025-04-19,25.82576363783202,32706462.71,2681599.08734239,16014.825865230438,6480.62633269,-7493.207948589641,40063.97742357761,83,214,546,370,1310,262,1,999,1786,0.3587073608617594
1745127000,37,Fear,2025-04-20,12.643966668012109,12126094.05,1811225.3165795,7953.09440782997,1887.3296081058,-9656.210451790126,37679.06739707912,195,8,716,168,656,238,1,1079,902,0.5446744068652196
1745213400,39,Fear,2025-04-21,20.005394590803256,42104054.84,2333025.83098,41859.99143913446,6356.09106388,-5905.780193133093,58863.30198280268,1,357,280,322,543,214,0,603,1114,0.35119394292370415
1745299800,47,Neutral,2025-04-22,19.563963835223483,33753625.24,32699511.7848947,15070.37095092762,5749.685751,-439027.3783003858,1605269.5781823187,0,197,1089,331,1378,2,1,1420,1577,0.4738071404738071
1745386200,72,Greed,2025-04-23,-68.03380836678032,30682443.79,70800498.21052,12725.948066658386,7342.08084188,-1281062.8552172123,2813936.7518311297,268,615,3305,643,1091,234,0,4216,1940,0.6848602988953866
1745472600,63,Greed,2025-04-24,22.717023281810036,35088918.64,4275681.15339,42081.60551729973,7366.5003199353005,-3907.39909151726,125352.98007367911,275,770,361,587,169,70,0,1223,1009,0.5479390681003584
1745559000,60,Greed,2025-04-25,12.231614764670297,27749455.78,3290588.8704794,33876.77419571567,6299.0932547382,5514.4397365923705,126881.4786440888,195,182,432,54,672,116,2,681,970,0.4124772864930345
1745645400,65,Greed,2025-04-26,-3.6478814694960215,11948127.77,8474693.58638,24357.80254500265,2652.30675352,-75548.67075021712,388081.5693314079,62,5,208,333,184,338,0,603,527,0.5336283185840708
1745731800,61,Greed,2025-04-27,8.018004356083086,487537.69,3887430.28472,13133.751885486648,55.9267726562,18914.397380776274,285726.14525887364,121,119,36,52,1,8,0,209,128,0.6201780415430267
1745818200,54,Neutral,2025-04-28,26.763461754169686,26124921.49,215249.28118,58469.14186169688,6007.2514035301,-1784.6852021277505,16519.411706741437,147,523,160,345,165,39,0,652,727,0.47280638143582304
1745904600,60,Greed,2025-04-29,56.06313572313866,34089511.66,297481.95515,28548.785993098085,5149.2952871531,-3675.1923457956777,29594.10113102152,121,474,465,519,569,95,0,1105,1138,0.49264378065091396
1745991000,56,Greed,2025-04-30,12.582028094339623,12693878.85,155976.10227,35649.303644469,2950.1837728755,1509.6935954253568,21251.408270619755,235,31,91,511,38,206,0,837,275,0.7526978417266187
1746077400,53,Neutral,2025-05-01,44.338885607317074,10720240.52,101855.22113,12672.104182341463,2652.6136779658,6171.6686527601905,18588.078133090854,356,248,233,96,104,190,0,685,542,0.5582722086389568
